class,cap-shape,cap-color,bruises,odor
p,x,n,t,p
e,x,y,t,a
e,b,w,t,l
p,x,w,t,p
e,x,g,f,n
e,x,y,t,a
e,b,w,t,a
e,b,w,t,l
p,x,w,t,p
e,b,y,t,a
e,x,y,t,l
e,x,y,t,a
e,b,y,t,a
p,x,w,t,p
e,x,n,f,n
e,s,g,f,n
e,f,w,f,n
p,x,n,t,p
p,x,w,t,p
p,x,n,t,p
e,b,y,t,a
p,x,n,t,p
e,b,y,t,l
e,b,w,t,a
e,b,w,t,l
p,f,w,t,p
e,x,y,t,a
e,x,w,t,l
e,f,n,f,n
e,x,y,t,a
e,b,y,t,l
p,x,w,t,p
e,x,y,t,l
e,x,n,t,l
e,b,y,t,l
e,x,y,t,l
e,s,g,f,n
p,x,n,t,p
e,x,y,t,a
e,b,y,t,l
e,b,y,t,a
e,x,y,t,l
e,x,n,f,n
p,x,w,t,p
e,x,y,t,a
e,x,w,t,a
e,x,y,t,l
e,x,w,t,l
e,x,y,t,l
e,f,y,t,l
e,x,n,t,a
e,x,w,t,l
e,b,w,t,l
p,x,n,t,p
p,x,w,t,p
e,b,y,t,a
e,f,g,f,n
e,b,w,t,a
e,x,y,t,l
e,x,n,t,a
e,s,g,f,n
e,b,y,t,a
e,b,y,t,l
e,b,y,t,l
e,b,w,t,l
e,f,n,f,n
e,x,w,t,l
e,f,y,t,a
e,x,y,t,a
e,x,g,f,n
e,f,y,t,l
e,b,w,t,l
e,f,y,t,l
e,x,n,t,a
e,b,y,t,a
e,f,y,t,l
e,x,w,t,l
e,f,n,t,l
p,x,n,t,p
e,f,n,t,a
e,x,n,f,n
p,x,w,t,p
e,f,g,f,n
e,x,g,f,n
e,x,y,t,l
e,x,n,f,n
e,b,w,t,a
e,x,w,t,l
e,f,n,t,l
e,s,n,f,n
e,x,n,f,n
e,b,w,t,l
e,x,y,t,a
e,x,y,t,l
e,x,n,f,n
e,x,w,t,a
e,f,n,t,l
e,x,y,t,a
e,b,w,t,a
e,x,w,t,a
e,x,n,f,n
e,b,y,t,l
e,f,y,t,l
e,x,y,t,a
e,b,w,t,l
e,x,y,t,a
e,x,y,t,a
e,b,w,t,l
e,b,w,t,a
e,x,y,t,a
e,x,y,t,l
e,s,g,f,n
e,x,w,t,a
e,x,y,t,a
p,x,w,t,p
e,x,y,t,l
e,s,g,f,n
e,x,y,t,l
e,x,y,t,l
e,s,n,f,n
p,x,w,t,p
e,x,w,t,a
p,f,n,t,p
e,f,g,f,n
e,x,y,t,l
e,x,w,f,n
e,b,y,t,a
e,f,g,f,n
e,x,w,t,l
e,b,w,t,l
e,b,w,t,l
e,b,w,t,l
e,f,w,t,l
e,x,y,t,l
e,f,w,t,a
p,x,w,t,p
e,f,w,t,l
e,x,y,t,a
p,x,n,t,p
e,b,y,t,l
e,x,n,t,a
e,b,y,t,l
e,s,n,f,n
e,f,n,t,a
e,x,y,t,a
e,x,g,f,n
e,f,w,f,n
e,x,y,t,l
e,b,y,t,l
e,b,w,t,a
e,x,w,t,a
e,x,n,f,n
e,x,w,t,l
e,s,n,f,n
e,x,w,t,a
e,x,n,t,l
e,b,y,t,a
e,x,w,t,a
e,b,w,t,a
e,b,y,t,a
e,b,y,t,l
e,b,y,t,a
e,x,n,f,n
e,f,n,t,l
e,x,w,t,a
e,f,y,t,l
e,b,w,t,a
e,b,w,t,a
e,x,n,t,l
e,b,w,t,a
e,x,g,f,n
e,b,y,t,l
e,x,y,t,l
e,b,y,t,a
e,f,y,t,l
e,b,w,t,l
e,b,w,t,a
e,b,y,t,a
e,x,y,t,l
e,b,y,t,l
p,x,w,t,p
e,s,n,f,n
e,f,n,f,n
e,x,y,t,a
e,f,n,t,a
p,x,w,t,p
e,b,w,t,l
e,f,g,f,n
e,b,y,t,l
e,x,n,t,a
e,x,w,f,n
e,x,w,t,l
e,b,w,t,l
e,f,y,t,a
e,x,y,t,a
e,f,g,f,n
e,b,y,t,a
e,x,w,t,l
e,x,w,t,l
e,f,w,t,a
e,x,y,t,l
e,b,w,t,l
e,x,w,t,a
e,x,w,f,n
e,f,n,t,l
p,x,w,t,p
e,b,w,t,a
e,b,w,t,a
e,b,w,t,l
e,b,w,t,a
e,x,y,t,a
e,b,w,t,l
e,x,y,t,a
e,x,g,f,n
e,f,y,t,a
e,b,w,t,l
e,x,y,t,a
e,x,y,t,a
e,x,w,t,l
e,s,g,f,n
e,x,w,t,a
p,x,w,t,p
e,x,y,t,a
e,f,w,t,a
e,x,w,t,l
e,b,w,t,l
e,x,w,t,a
e,x,y,t,a
p,x,n,t,p
e,b,y,t,a
e,x,g,f,n
p,x,w,t,p
e,x,y,t,l
e,f,n,f,n
e,b,w,t,l
e,x,w,t,l
e,x,w,t,l
e,b,y,t,l
e,x,y,t,l
e,f,y,t,a
e,f,y,t,a
e,x,w,t,l
e,x,w,t,a
p,x,w,t,p
e,f,w,t,a
e,x,w,t,l
e,x,w,t,l
e,x,w,t,a
e,f,y,t,l
e,x,n,f,n
e,f,y,t,a
p,x,n,t,p
e,s,n,f,n
e,b,y,t,l
e,b,w,t,l
e,b,w,t,l
e,f,n,f,n
e,x,w,t,a
e,b,w,t,l
e,b,w,t,a
e,f,n,t,l
p,x,w,t,p
e,x,w,t,a
e,x,w,t,a
e,f,w,t,l
e,f,g,f,n
e,f,g,f,n
e,x,y,t,a
e,b,w,t,a
p,f,n,t,p
e,x,w,t,l
p,f,n,t,p
e,x,w,t,l
e,x,y,t,a
e,f,y,t,a
e,x,n,t,a
e,f,n,t,a
e,x,w,t,a
e,f,n,f,n
e,x,y,t,l
p,x,w,t,p
e,b,y,t,a
e,s,n,f,n
e,x,y,t,l
e,b,w,t,l
e,f,n,t,a
e,b,y,t,a
e,b,w,t,a
e,x,n,t,l
e,f,g,f,n
e,x,g,f,n
e,b,y,t,l
e,x,y,t,l
e,b,w,t,l
e,x,w,t,a
e,b,y,t,a
e,x,y,t,a
e,x,g,f,n
e,f,y,t,a
p,x,w,t,p
e,x,w,f,n
e,b,w,t,a
e,x,y,t,l
e,b,w,t,a
e,x,w,t,l
e,x,n,t,n
e,b,w,t,l
e,x,y,t,l
e,f,n,t,a
e,x,w,f,n
e,x,y,t,l
p,x,w,t,p
e,x,y,t,l
e,x,w,t,a
e,b,y,t,a
p,x,w,t,p
e,x,y,t,a
e,x,w,t,a
e,x,w,t,l
e,f,w,t,l
e,x,y,t,l
e,f,y,t,a
e,x,w,t,a
e,b,y,t,a
e,x,n,t,l
e,b,w,t,l
e,x,y,t,a
p,x,n,t,p
e,b,y,t,l
e,b,w,t,a
p,x,n,t,p
e,b,w,t,l
e,b,y,t,l
e,b,y,t,a
e,x,w,t,l
e,x,n,t,n
e,x,n,t,a
e,b,y,t,l
e,x,g,f,n
e,x,n,t,l
e,x,w,t,a
e,b,w,t,a
e,x,y,t,a
e,f,y,t,a
e,b,y,t,l
e,x,n,f,n
e,x,y,t,l
e,x,y,t,a
e,f,g,f,n
e,x,n,f,n
e,f,g,f,n
e,f,n,t,a
e,b,w,t,a
e,b,y,t,a
e,x,y,t,l
e,s,g,f,n
e,f,n,t,a
p,x,n,t,p
e,x,y,t,a
e,x,y,t,a
e,x,n,f,n
e,x,n,f,n
e,f,n,f,n
e,f,n,t,a
e,x,y,t,a
e,f,n,f,n
e,x,y,t,a
e,x,y,t,a
e,b,y,t,a
e,x,g,f,n
e,x,y,t,a
e,f,n,t,l
e,x,y,t,a
e,s,n,f,n
e,x,w,t,a
e,b,w,t,l
e,s,n,f,n
e,b,y,t,l
e,x,y,t,l
e,b,y,t,a
p,x,n,t,p
e,x,w,f,n
e,x,w,t,a
e,b,w,t,a
e,x,n,t,n
p,x,n,t,p
e,x,n,t,l
e,x,n,f,n
e,b,y,t,l
e,x,y,t,a
e,b,y,t,a
e,x,y,t,l
e,b,w,t,a
e,x,g,f,n
e,f,n,t,a
e,x,g,f,n
e,x,w,t,l
e,x,y,t,l
e,x,g,f,n
p,x,n,t,p
e,b,w,t,l
e,b,w,t,a
p,x,n,t,p
e,b,y,t,l
e,x,w,t,l
e,x,y,t,l
e,b,y,t,l
e,x,w,t,a
e,x,w,t,a
e,x,n,t,l
e,x,w,t,a
e,x,n,f,n
e,x,n,t,l
e,x,y,t,l
p,x,n,t,p
e,b,y,t,a
e,x,w,t,l
p,x,n,t,p
e,x,y,t,l
e,f,g,f,n
e,x,w,t,l
e,b,w,t,a
p,x,n,t,p
e,f,n,t,l
e,x,w,t,l
e,x,w,t,a
e,f,n,t,a
e,b,w,t,a
e,x,w,f,n
e,f,g,f,n
e,x,w,t,a
e,x,y,t,l
e,b,y,t,l
e,b,y,t,l
e,f,w,t,l
e,b,w,t,a
e,x,y,t,a
e,x,w,t,l
e,b,y,t,l
e,x,n,t,a
e,x,w,t,l
e,x,w,t,l
e,x,y,t,a
e,x,w,t,l
e,x,y,t,l
e,x,n,t,l
e,x,w,t,l
e,f,n,t,l
e,b,w,t,l
e,x,n,t,n
e,x,w,t,l
e,b,w,t,l
e,b,y,t,l
e,x,y,t,l
e,b,w,t,l
e,x,g,f,n
e,b,w,t,a
e,b,y,t,l
e,f,y,t,a
e,f,n,t,a
e,x,w,t,a
e,f,y,t,l
e,b,w,t,a
e,x,y,t,a
e,x,n,f,n
e,f,n,t,a
e,x,w,t,a
e,x,y,t,l
e,b,y,t,l
e,f,y,t,a
e,x,y,t,l
e,x,w,t,a
e,f,w,t,a
e,s,g,f,n
e,f,y,t,l
e,f,g,f,n
e,x,n,f,n
e,b,w,t,a
e,x,w,t,a
e,b,y,t,l
e,b,y,t,a
e,b,y,t,l
e,f,w,t,l
e,f,g,f,n
e,f,w,t,a
e,f,y,t,a
e,x,w,t,l
e,s,n,f,n
e,x,n,t,l
e,x,n,t,a
e,f,y,t,a
p,f,n,t,p
p,x,n,t,p
e,f,n,t,l
e,x,y,t,a
e,b,y,t,a
e,f,w,f,n
e,f,n,t,a
e,x,w,t,a
e,b,y,t,l
e,x,y,t,a
e,b,y,t,a
e,x,w,t,l
e,b,y,t,a
e,b,y,t,a
p,x,n,t,p
e,x,g,f,n
e,f,n,f,n
e,x,w,t,a
e,f,g,f,n
e,f,n,f,n
e,b,y,t,a
e,x,w,t,a
e,s,g,f,n
e,x,n,f,n
e,x,w,f,n
e,x,n,t,l
e,b,y,t,a
e,x,w,t,l
e,x,y,t,a
e,x,w,t,l
e,b,w,t,l
e,f,y,t,a
p,x,n,t,p
e,f,g,f,n
e,b,y,t,l
e,f,n,t,a
e,x,y,t,a
e,x,n,f,n
e,f,y,t,a
e,x,n,t,a
e,x,w,t,a
p,x,w,t,p
e,f,n,t,l
p,f,n,t,p
e,x,w,f,n
e,b,w,t,a
e,s,n,f,n
e,x,y,t,l
e,f,w,t,a
e,x,y,t,a
e,f,g,f,n
p,x,w,t,p
e,x,y,t,a
e,f,n,f,n
e,x,w,t,a
e,b,y,t,l
e,f,g,f,n
e,x,y,t,l
e,x,y,t,a
e,f,n,f,n
e,x,g,f,n
e,x,y,t,l
e,f,w,t,l
e,x,y,t,l
e,f,y,t,a
p,x,n,t,p
e,x,w,t,l
e,x,w,t,l
e,x,y,t,a
e,b,y,t,a
e,x,y,t,a
e,x,y,t,a
e,x,w,f,n
e,b,w,t,a
p,x,w,t,p
e,x,y,t,a
e,f,g,f,n
p,x,n,t,p
e,b,w,t,a
e,x,w,t,a
e,f,y,t,l
e,x,y,t,a
e,b,w,t,l
e,x,n,t,a
e,x,y,t,l
e,x,n,f,n
e,x,y,t,l
e,x,y,t,l
p,x,n,t,p
e,x,w,t,a
e,x,y,t,a
e,x,w,t,l
e,x,y,t,a
e,f,y,t,a
e,x,w,t,a
e,s,g,f,n
e,f,n,f,n
e,s,g,f,n
e,x,w,t,a
p,x,w,t,p
e,x,g,f,n
e,x,y,t,l
p,x,w,t,p
e,x,y,t,a
p,x,n,t,p
e,b,y,t,l
e,b,w,t,l
p,x,w,t,p
p,x,n,t,p
e,x,g,f,n
e,x,n,t,l
e,f,w,f,n
e,f,n,t,l
e,b,w,t,l
e,b,w,t,a
e,x,g,f,n
e,f,n,t,a
e,x,w,t,l
e,f,g,f,n
e,f,n,f,n
e,x,g,f,n
e,f,w,f,n
p,x,w,t,p
e,x,y,t,l
e,b,w,t,l
e,f,g,f,n
e,b,w,t,l
e,b,y,t,a
e,s,g,f,n
e,f,y,t,l
e,b,w,t,l
e,x,w,t,l
e,f,y,t,a
e,f,g,f,n
e,x,w,t,l
e,f,y,t,l
e,s,g,f,n
e,b,w,t,a
e,b,w,t,a
e,f,n,f,n
e,b,y,t,a
e,x,n,t,n
e,x,n,t,l
e,x,n,t,a
e,b,y,t,a
e,f,y,t,a
e,x,y,t,l
e,x,n,f,n
e,x,w,t,a
e,b,y,t,l
e,x,n,t,a
e,f,n,t,l
e,f,n,t,a
e,f,y,t,l
e,x,y,t,l
e,b,w,t,a
e,b,w,t,l
e,x,y,t,a
e,f,w,t,l
e,x,y,t,a
e,b,y,t,l
e,f,y,t,a
p,x,n,t,p
p,x,w,t,p
e,x,y,t,l
e,f,w,f,n
e,b,y,t,a
e,x,y,t,l
e,f,g,f,n
e,b,w,t,a
e,x,w,t,l
p,x,n,t,p
p,x,n,t,p
e,b,w,t,l
e,b,y,t,a
e,f,n,t,a
e,x,y,t,l
e,f,y,t,l
e,x,w,t,a
e,x,y,t,a
e,f,n,f,n
e,f,n,f,n
e,x,y,t,l
e,f,y,t,l
e,f,n,f,n
e,f,g,f,n
e,x,n,t,l
e,x,y,t,l
e,b,w,t,a
e,x,w,t,l
e,x,w,t,a
e,x,y,t,a
e,b,y,t,a
e,x,n,t,n
e,x,w,t,a
e,f,g,f,n
e,b,w,t,a
e,x,y,t,l
e,x,w,t,a
e,b,y,t,a
e,b,w,t,l
e,x,n,t,a
e,f,g,f,n
p,x,n,t,p
e,b,w,t,a
e,b,y,t,a
p,x,n,t,p
p,x,n,t,p
e,f,n,f,n
p,x,n,t,p
e,f,g,f,n
e,x,y,t,l
e,b,w,t,l
e,f,y,t,l
e,f,y,t,l
e,b,y,t,l
e,s,n,f,n
e,x,w,t,a
e,b,y,t,a
e,f,y,t,a
e,f,n,f,n
e,x,w,t,l
e,b,y,t,l
e,b,y,t,l
e,b,y,t,a
e,b,w,t,l
e,x,y,t,a
e,x,n,t,a
e,s,n,f,n
e,f,n,t,a
e,x,w,t,a
e,f,y,t,l
e,x,n,f,n
e,f,y,t,a
p,x,n,t,p
e,x,w,t,l
e,x,w,f,n
e,b,w,t,a
e,x,w,t,l
e,f,y,t,l
e,x,n,f,n
p,x,w,t,p
p,x,w,t,p
e,x,w,t,l
e,b,w,t,a
e,x,w,t,a
p,x,w,t,p
e,x,w,t,l
e,x,g,f,n
e,x,n,f,n
e,b,w,t,a
e,x,n,t,a
e,b,w,t,a
e,f,y,t,l
e,x,w,t,l
e,b,w,t,l
e,b,w,t,a
p,x,n,t,p
e,f,y,t,a
e,x,n,t,a
e,b,y,t,l
e,f,w,t,a
e,b,y,t,l
e,b,y,t,a
e,b,y,t,a
e,f,y,t,l
e,x,w,f,n
e,b,y,t,a
e,x,n,t,a
e,b,w,t,l
e,f,n,t,l
e,x,w,t,l
e,x,n,f,n
e,x,n,t,l
e,f,g,f,n
e,x,w,t,l
e,f,n,f,n
e,b,y,t,a
e,b,w,t,a
e,x,w,t,a
e,b,y,t,l
e,x,y,t,a
e,x,y,t,a
e,f,g,f,n
e,x,y,t,a
p,x,n,t,p
e,x,n,t,a
e,x,y,t,l
e,b,w,t,l
e,x,y,t,a
e,s,n,f,n
e,b,y,t,l
e,x,w,t,l
e,x,w,t,a
p,x,n,t,p
e,x,n,f,n
e,x,y,t,l
p,x,n,t,p
e,x,y,t,l
e,b,y,t,l
e,f,n,t,l
e,x,w,t,a
e,x,y,t,a
p,x,n,t,p
p,x,n,t,p
e,b,y,t,l
e,x,w,f,n
p,x,w,t,p
e,x,n,t,l
e,b,w,t,a
e,x,y,t,a
p,x,n,t,p
e,b,y,t,l
e,b,w,t,a
e,f,y,t,l
e,b,w,t,a
e,x,y,t,a
e,b,y,t,l
e,x,y,t,l
e,b,y,t,a
e,b,y,t,a
p,x,w,t,p
p,x,w,t,p
p,x,n,t,p
e,x,w,t,a
e,x,n,t,a
e,x,y,t,a
e,x,w,t,a
e,b,w,t,l
e,b,y,t,l
e,x,g,f,n
e,b,y,t,a
e,x,w,t,l
e,x,n,t,a
e,x,y,t,l
e,f,w,t,l
e,f,w,t,a
e,x,w,t,l
e,f,y,t,l
e,s,g,f,n
e,f,y,t,a
e,x,n,t,l
e,x,y,t,l
e,x,y,t,l
p,x,n,t,p
e,x,y,t,l
p,x,w,t,p
e,x,y,t,a
e,x,w,t,a
e,f,y,t,a
p,x,n,t,p
e,b,w,t,a
e,s,g,f,n
e,x,y,t,a
e,x,g,f,n
e,x,y,t,a
e,b,w,t,l
e,b,y,t,l
e,x,w,t,l
e,b,w,t,l
e,f,n,t,a
e,s,g,f,n
e,x,w,f,n
e,s,n,f,n
e,f,n,t,l
e,f,y,t,l
e,b,y,t,a
e,b,y,t,a
p,x,n,t,p
e,f,n,t,l
e,x,y,t,a
e,f,y,t,a
e,x,w,t,a
e,x,y,t,a
e,x,y,t,l
e,f,n,f,n
e,f,y,t,l
e,x,g,f,n
e,x,y,t,l
e,f,n,t,a
e,x,y,t,l
e,x,y,t,a
e,x,n,t,n
e,x,w,t,a
e,x,y,t,l
e,x,w,t,a
e,x,w,t,l
e,f,y,t,l
e,b,y,t,l
e,f,w,t,a
e,f,g,f,n
e,x,w,t,a
e,x,w,t,l
e,f,y,t,l
e,x,w,t,a
e,x,y,t,a
e,f,y,t,a
e,x,y,t,a
e,x,y,t,l
e,x,n,t,n
e,f,y,t,l
e,x,w,t,a
e,b,y,t,a
e,x,y,t,l
e,x,n,t,l
e,b,y,t,a
e,x,w,t,l
e,x,w,t,l
e,x,y,t,l
e,f,y,t,l
e,x,w,f,n
e,x,n,f,n
e,x,w,f,n
e,x,y,t,l
e,f,w,f,n
p,f,n,t,p
e,x,g,f,n
p,f,n,t,p
p,x,n,t,p
e,b,w,t,l
e,x,g,f,n
e,x,w,t,l
e,f,g,f,n
e,x,g,f,n
e,x,w,t,a
e,x,w,t,l
e,x,g,t,n
e,f,n,f,n
e,x,w,f,n
e,f,n,f,n
e,x,n,f,n
e,x,y,t,l
e,x,y,t,l
e,f,w,f,n
e,x,n,f,n
e,x,g,f,n
p,x,n,t,p
e,x,g,f,n
e,b,w,t,a
e,x,g,f,n
e,f,g,f,n
p,f,n,t,p
e,x,y,t,l
e,x,n,f,n
e,f,w,f,n
e,x,y,t,a
e,x,n,f,n
e,f,g,f,n
e,x,e,t,n
e,b,y,t,a
e,x,w,f,n
p,x,w,t,p
e,x,g,f,n
e,f,g,t,n
e,f,n,f,n
e,f,w,f,n
e,b,w,t,l
e,f,n,f,n
p,f,n,t,p
p,x,w,t,p
e,b,y,t,l
e,f,g,f,n
e,x,g,f,n
e,f,n,f,n
e,b,w,t,l
p,x,w,t,p
e,x,n,t,n
e,f,w,t,l
e,x,y,t,l
e,x,n,f,n
e,f,w,f,n
e,x,n,t,n
e,x,n,t,n
e,f,g,f,n
e,f,g,f,n
p,f,n,t,p
e,x,n,t,n
e,x,n,f,n
e,x,w,f,n
e,f,n,f,n
e,x,n,t,n
e,f,n,t,n
e,x,g,f,n
e,f,n,t,n
e,x,g,f,n
e,b,w,t,l
e,x,n,t,n
e,x,y,t,l
e,f,g,f,n
e,f,n,t,n
e,x,y,t,l
e,f,g,f,n
e,x,n,f,n
p,x,w,t,p
e,x,w,f,n
e,f,w,f,n
e,x,w,f,n
e,x,g,f,n
e,x,y,t,l
e,x,y,t,l
e,x,g,f,n
e,x,n,f,n
e,f,n,f,n
e,f,w,f,n
e,f,w,f,n
e,x,y,t,l
e,f,w,t,a
e,b,w,t,l
p,f,w,t,p
e,x,g,t,n
e,f,n,t,l
e,f,n,f,n
p,x,w,t,p
e,x,n,t,l
e,x,g,f,n
e,x,w,f,n
e,f,w,f,n
e,x,n,f,n
e,x,w,t,l
e,x,w,t,a
e,x,w,f,n
e,f,y,t,a
e,f,n,f,n
e,f,g,f,n
e,f,y,t,a
e,f,n,t,l
e,x,n,t,n
p,f,n,t,p
e,x,n,t,n
e,f,n,f,n
e,b,y,t,a
e,b,w,t,a
e,x,w,t,a
p,f,w,t,p
p,f,w,t,p
e,x,n,f,n
e,f,y,t,l
e,x,y,t,l
e,x,w,f,n
e,x,g,t,n
p,x,n,t,p
e,x,g,f,n
e,f,n,f,n
e,x,w,f,n
e,f,w,f,n
e,x,y,t,a
e,f,y,t,a
e,x,g,f,n
p,x,n,t,p
e,x,y,t,a
e,f,n,t,a
e,x,w,f,n
e,x,n,t,n
e,x,g,f,n
e,x,w,t,a
e,x,g,f,n
p,f,n,t,p
e,x,n,t,n
e,x,g,f,n
e,x,e,t,n
e,x,n,t,n
e,x,g,f,n
e,x,y,t,l
e,x,n,f,n
e,b,y,t,l
e,x,w,t,l
e,f,g,f,n
e,x,y,t,l
e,x,n,f,n
e,f,w,f,n
e,x,y,t,l
e,x,g,f,n
e,x,g,f,n
p,f,w,t,p
e,f,y,t,l
e,x,w,t,a
e,f,w,f,n
e,x,n,t,n
e,x,n,t,l
e,x,w,f,n
p,f,w,t,p
e,x,y,t,a
e,x,g,t,n
e,f,y,t,l
e,f,g,f,n
e,f,n,f,n
p,f,w,t,p
e,f,g,f,n
e,x,n,t,l
e,f,w,f,n
p,f,n,t,p
e,b,y,t,l
e,f,g,f,n
e,b,w,t,l
e,f,g,f,n
e,b,w,t,l
e,x,w,t,l
p,f,n,t,p
e,x,y,t,l
e,s,n,f,n
e,x,n,t,a
e,f,g,f,n
e,f,y,t,l
e,x,g,f,n
p,f,n,t,p
e,x,g,f,n
e,x,g,f,n
e,x,g,f,n
p,x,n,t,p
e,x,n,f,n
e,f,w,f,n
e,x,g,f,n
p,x,n,t,p
e,f,n,f,n
e,f,w,f,n
p,x,w,t,p
e,f,g,f,n
e,b,y,t,l
e,x,n,f,n
e,f,n,f,n
p,f,w,t,p
e,x,n,t,a
e,f,w,f,n
e,f,n,t,l
e,f,g,f,n
e,f,g,f,n
e,f,g,f,n
e,f,n,f,n
e,x,g,f,n
e,x,w,f,n
e,f,w,f,n
e,x,n,f,n
e,x,n,t,n
e,f,y,t,a
e,x,w,f,n
e,f,w,f,n
e,b,y,t,a
e,x,w,f,n
e,x,g,f,n
p,f,n,t,p
e,x,g,f,n
p,x,n,t,p
e,f,w,f,n
e,x,w,t,a
e,x,n,f,n
e,x,n,t,n
e,b,y,t,l
e,f,w,f,n
e,x,n,f,n
e,f,w,f,n
e,x,n,t,n
e,f,w,f,n
e,x,w,f,n
e,x,n,f,n
e,x,w,f,n
e,f,g,f,n
e,x,g,f,n
e,x,g,f,n
e,f,n,f,n
e,f,w,f,n
e,f,n,t,a
p,x,w,t,p
e,f,g,f,n
p,x,w,t,p
e,b,w,t,a
e,x,g,f,n
e,f,g,f,n
e,f,w,f,n
e,f,g,f,n
e,b,w,t,a
e,x,g,f,n
e,x,e,t,n
e,x,y,t,a
e,x,w,f,n
e,b,w,t,a
p,x,n,t,p
e,x,n,t,n
e,f,n,f,n
e,b,w,t,a
e,x,g,f,n
e,x,n,t,n
e,f,w,f,n
e,x,n,f,n
e,x,g,f,n
e,x,g,f,n
e,b,y,t,l
e,f,n,f,n
e,x,w,f,n
e,f,n,t,a
e,x,n,t,l
e,x,y,t,l
e,f,g,f,n
e,x,w,t,a
e,x,w,t,a
e,f,w,f,n
e,f,g,f,n
p,f,n,t,p
e,x,y,t,l
e,x,n,f,n
e,x,w,f,n
e,x,y,t,l
e,x,e,t,n
e,f,n,t,l
e,b,w,t,a
p,x,n,t,p
e,x,g,f,n
e,b,w,t,a
e,x,w,t,l
e,b,y,t,l
e,x,w,t,l
e,x,y,t,a
e,b,w,t,a
e,f,n,f,n
p,f,w,t,p
e,f,n,f,n
e,f,n,f,n
p,f,w,t,p
e,f,w,f,n
e,x,w,f,n
e,x,n,f,n
e,f,n,f,n
e,f,y,t,a
e,x,g,f,n
e,x,n,f,n
p,f,n,t,p
e,x,w,f,n
e,f,n,f,n
e,f,w,f,n
e,f,w,f,n
e,x,y,t,a
e,x,g,f,n
e,x,g,f,n
e,f,n,f,n
e,f,n,f,n
e,x,w,f,n
e,x,e,t,n
e,x,n,f,n
p,x,w,t,p
e,x,n,t,n
e,x,n,f,n
p,f,w,t,p
e,f,g,f,n
e,x,w,f,n
e,f,n,f,n
e,f,g,f,n
e,f,g,f,n
e,f,g,f,n
e,x,g,f,n
e,x,n,f,n
p,f,w,t,p
e,x,g,f,n
p,x,w,t,p
p,f,w,t,p
e,f,n,f,n
e,x,g,f,n
e,f,g,f,n
e,x,g,f,n
e,f,g,f,n
e,f,g,f,n
e,x,g,t,n
e,x,n,t,n
e,f,w,f,n
p,f,w,t,p
p,f,n,t,p
e,x,w,f,n
p,f,n,t,p
e,f,n,f,n
e,f,w,f,n
p,f,n,t,p
p,f,w,t,p
p,f,n,t,p
p,f,w,t,p
e,x,w,f,n
e,x,n,t,n
e,f,w,f,n
e,f,g,f,n
p,f,n,t,p
e,x,w,f,n
e,x,e,t,n
e,f,g,f,n
e,x,w,f,n
p,f,w,t,p
e,f,n,f,n
e,x,w,f,n
p,f,w,t,p
e,x,n,f,n
e,f,w,f,n
e,x,w,f,n
e,f,w,f,n
e,b,y,t,a
e,x,g,f,n
e,x,w,f,n
e,x,n,f,n
e,x,n,f,n
e,f,g,f,n
p,x,n,t,p
e,f,g,f,n
e,x,n,t,n
e,f,w,f,n
e,x,n,t,n
e,x,g,f,n
e,x,w,f,n
p,f,w,t,p
p,f,w,t,p
e,x,g,f,n
e,x,n,t,n
e,x,g,f,n
e,x,y,t,a
e,f,w,f,n
e,x,w,f,n
e,x,g,f,n
e,f,w,f,n
e,x,n,t,n
e,f,g,f,n
e,f,g,f,n
e,f,n,f,n
e,f,w,f,n
e,f,w,f,n
e,f,g,f,n
e,f,w,f,n
e,f,n,f,n
p,f,w,t,p
e,x,g,f,n
e,b,y,t,l
e,f,n,f,n
e,f,g,f,n
e,x,n,t,n
e,b,y,t,l
e,x,w,f,n
e,f,n,t,n
p,x,w,t,p
e,f,w,f,n
p,f,w,t,p
e,x,n,f,n
e,f,n,f,n
e,b,y,t,l
e,f,g,f,n
e,x,g,f,n
e,f,g,f,n
e,x,g,f,n
e,f,w,f,n
p,f,n,t,p
e,f,g,f,n
e,f,w,f,n
e,x,n,t,n
e,x,n,f,n
e,x,e,t,n
e,x,y,t,a
e,f,w,f,n
e,x,w,f,n
e,f,n,f,n
p,f,w,t,p
e,f,g,t,n
e,f,w,f,n
e,f,w,f,n
p,f,n,t,p
e,x,w,f,n
e,x,n,t,n
e,x,g,t,n
e,x,g,t,n
e,f,n,f,n
e,f,w,f,n
e,f,n,f,n
e,x,n,f,n
e,f,w,f,n
e,x,n,f,n
e,f,w,f,n
e,f,n,f,n
e,f,w,f,n
e,f,n,f,n
p,f,n,t,p
e,f,w,f,n
e,f,w,f,n
e,x,n,f,n
e,f,w,f,n
e,x,g,f,n
e,f,n,f,n
e,x,g,t,n
e,f,w,f,n
e,f,n,f,n
e,x,n,f,n
e,x,w,f,n
e,b,y,t,l
p,x,n,t,p
p,f,n,t,p
e,f,w,f,n
e,f,n,f,n
p,f,n,t,p
e,f,n,f,n
p,x,w,t,p
e,f,n,f,n
p,f,w,t,p
e,f,n,f,n
e,f,g,f,n
e,x,g,f,n
e,f,n,f,n
e,x,g,t,n
e,x,n,t,n
e,x,n,f,n
e,x,g,t,n
e,x,w,f,n
e,f,w,f,n
e,x,w,f,n
e,f,g,f,n
e,x,n,t,n
e,x,w,f,n
e,x,n,f,n
e,f,g,f,n
p,f,w,t,p
e,f,n,f,n
e,f,y,t,a
e,x,g,t,n
e,f,g,f,n
e,x,g,f,n
p,f,w,t,p
e,x,w,f,n
e,x,w,f,n
e,f,g,f,n
e,f,n,f,n
e,x,n,f,n
e,f,n,f,n
e,f,n,f,n
e,x,w,f,n
e,f,w,f,n
e,f,n,f,n
e,x,w,t,l
e,x,n,f,n
e,x,g,f,n
e,f,w,f,n
p,x,w,t,p
e,x,w,f,n
e,x,n,t,n
e,f,g,f,n
e,x,g,f,n
e,f,n,f,n
e,f,n,f,n
e,x,g,f,n
e,f,n,t,l
p,f,n,t,p
e,x,n,f,n
e,x,n,t,n
p,f,w,t,p
p,x,w,t,p
p,f,n,t,p
e,x,n,t,n
e,b,w,t,l
p,f,w,t,p
e,f,w,f,n
e,x,w,f,n
e,x,n,t,n
e,x,n,f,n
e,f,n,f,n
e,f,n,f,n
p,f,n,t,p
p,f,w,t,p
e,x,n,f,n
e,f,g,f,n
e,x,n,t,n
e,f,g,f,n
e,f,n,f,n
p,f,n,t,p
e,x,n,f,n
p,f,n,t,p
e,x,g,f,n
e,f,w,f,n
e,x,w,f,n
e,x,n,t,n
e,x,n,f,n
p,f,w,t,p
e,x,n,t,n
e,x,w,f,n
e,f,w,f,n
e,x,w,t,a
e,x,n,f,n
e,x,g,t,n
e,x,n,t,n
e,x,y,t,a
e,f,g,f,n
e,x,n,f,n
e,x,e,t,n
e,f,g,f,n
p,f,w,t,p
e,f,w,f,n
e,x,g,f,n
e,f,n,f,n
e,f,n,f,n
e,x,w,f,n
p,f,w,t,p
e,x,w,f,n
e,f,n,f,n
e,x,n,f,n
e,x,g,f,n
e,x,n,f,n
e,f,y,t,l
p,x,n,t,p
e,x,w,f,n
e,f,w,f,n
e,x,n,f,n
p,f,n,t,p
e,f,g,f,n
p,f,w,t,p
e,f,n,f,n
e,x,g,f,n
e,x,g,f,n
e,f,n,f,n
e,f,g,f,n
e,x,w,f,n
e,x,n,f,n
e,x,g,f,n
e,f,n,f,n
e,b,y,t,a
e,f,g,f,n
e,x,g,f,n
e,f,w,f,n
e,x,n,t,n
p,f,n,t,p
e,x,n,t,n
e,x,n,f,n
e,x,n,t,n
e,x,w,f,n
e,f,g,f,n
e,f,n,f,n
e,x,y,t,a
e,x,w,t,a
e,f,g,f,n
e,f,n,f,n
e,f,n,f,n
e,b,y,t,a
e,x,n,f,n
e,x,w,t,l
e,f,w,f,n
e,x,w,f,n
e,x,n,f,n
e,x,n,f,n
e,x,n,f,n
e,x,n,t,n
e,f,g,f,n
e,x,y,t,a
e,x,w,f,n
p,f,w,t,p
e,f,w,f,n
p,f,w,t,p
e,f,g,f,n
e,f,g,f,n
p,x,w,t,p
e,x,g,f,n
p,x,w,t,p
e,x,g,f,n
e,f,w,f,n
p,f,w,t,p
e,x,w,f,n
e,x,n,f,n
e,x,w,f,n
e,x,w,f,n
e,x,e,t,n
p,f,n,t,p
e,f,g,f,n
e,x,y,t,a
e,x,n,f,n
e,f,n,f,n
e,b,w,t,l
e,f,g,f,n
e,f,w,f,n
e,f,n,f,n
p,f,n,t,p
e,x,n,f,n
e,b,y,t,a
e,f,g,f,n
e,f,n,f,n
e,x,g,f,n
e,f,g,f,n
e,x,n,f,n
e,x,n,t,n
e,b,w,t,l
e,x,g,t,n
p,f,n,t,p
e,x,w,f,n
p,f,n,t,p
e,f,n,f,n
e,f,n,f,n
e,x,w,f,n
e,x,n,f,n
e,f,n,f,n
e,x,y,t,l
e,f,w,f,n
e,x,w,f,n
p,x,n,t,p
e,f,g,f,n
p,f,n,t,p
e,f,w,f,n
e,x,n,t,n
e,x,g,f,n
p,f,n,t,p
e,f,g,f,n
p,x,w,t,p
e,x,n,t,n
e,x,n,f,n
e,x,y,t,a
e,f,w,f,n
e,f,w,f,n
e,x,g,f,n
e,f,g,f,n
e,f,w,f,n
e,x,g,f,n
e,f,g,f,n
e,x,g,t,n
e,x,g,f,n
e,f,g,f,n
e,x,n,t,l
e,x,g,t,n
e,f,g,f,n
e,f,w,f,n
e,f,n,f,n
e,f,w,f,n
e,f,n,f,n
e,f,g,f,n
e,x,n,f,n
e,x,n,t,n
e,x,n,f,n
e,x,n,f,n
e,f,w,f,n
e,x,n,f,n
p,f,w,t,p
p,f,n,t,p
e,x,n,t,n
e,x,w,f,n
e,f,g,f,n
e,x,n,f,n
e,x,n,f,n
e,x,g,f,n
e,f,g,f,n
e,f,n,f,n
e,f,g,f,n
e,x,e,t,n
p,f,w,t,p
e,x,n,f,n
e,x,n,t,n
p,f,n,t,p
p,f,w,t,p
p,f,w,t,p
e,f,w,f,n
e,f,n,f,n
e,f,n,f,n
e,x,n,f,n
e,f,n,f,n
p,f,w,t,p
p,f,w,t,p
e,f,g,f,n
e,x,n,f,n
e,x,n,f,n
e,x,n,t,n
e,x,n,t,n
e,f,w,f,n
e,f,w,f,n
e,x,w,f,n
e,x,y,t,l
e,f,g,f,n
e,x,w,f,n
e,x,n,f,n
e,x,n,f,n
e,x,w,f,n
e,x,n,f,n
e,x,g,f,n
e,x,g,f,n
e,f,w,f,n
e,x,n,f,n
e,f,g,f,n
e,f,w,f,n
e,x,w,f,n
e,f,g,f,n
e,x,g,f,n
e,x,y,t,a
e,x,y,t,l
e,x,w,f,n
p,x,n,t,p
e,x,w,f,n
p,x,w,t,p
e,x,g,t,n
p,f,w,t,p
e,x,y,t,l
e,x,w,t,l
e,f,n,t,l
e,x,w,f,n
e,f,n,f,n
e,x,g,f,n
e,x,w,f,n
e,f,n,f,n
e,f,n,f,n
e,x,g,f,n
e,b,w,t,l
e,x,g,f,n
e,x,y,t,l
p,f,w,t,p
e,f,w,f,n
e,f,n,f,n
e,f,g,f,n
e,f,g,f,n
e,x,n,t,n
e,x,n,t,n
e,x,y,t,a
e,x,g,t,n
e,f,g,f,n
e,f,n,f,n
e,f,w,f,n
e,x,g,f,n
e,f,w,f,n
e,f,g,f,n
e,x,g,f,n
e,x,n,f,n
e,x,n,t,n
e,f,w,f,n
e,f,n,f,n
p,f,n,t,p
e,x,n,t,n
e,x,n,f,n
e,f,w,f,n
p,f,n,t,p
e,f,g,f,n
e,x,g,t,n
e,x,w,f,n
e,x,g,f,n
e,x,n,t,n
e,x,g,f,n
e,f,w,f,n
e,x,g,t,n
e,x,w,t,l
e,x,w,t,l
e,f,g,f,n
e,f,w,f,n
e,f,n,f,n
e,f,w,f,n
e,x,n,f,n
e,x,n,f,n
e,b,y,t,a
p,f,w,t,p
e,x,n,f,n
e,f,n,f,n
e,x,n,t,a
e,x,g,f,n
e,f,w,f,n
p,x,n,t,p
e,f,g,f,n
e,x,w,f,n
p,f,n,t,p
e,x,n,f,n
e,x,n,f,n
e,x,n,t,n
e,f,w,f,n
p,f,w,t,p
e,x,w,f,n
e,f,n,f,n
e,f,g,f,n
e,x,w,f,n
e,f,n,t,l
p,f,w,t,p
e,x,w,f,n
e,f,n,f,n
p,f,n,t,p
e,f,w,f,n
e,x,g,f,n
e,f,y,t,a
e,x,w,f,n
e,x,w,f,n
p,f,n,t,p
e,f,n,f,n
e,f,g,f,n
e,x,n,f,n
e,x,n,t,n
e,x,g,f,n
e,x,g,f,n
e,x,w,f,n
e,f,g,f,n
e,x,n,t,n
e,x,w,f,n
p,x,w,t,p
e,f,g,f,n
e,x,n,f,n
e,x,n,t,n
e,x,y,t,a
e,x,g,f,n
e,x,n,f,n
e,x,w,f,n
e,x,y,t,a
e,x,n,t,n
e,x,w,f,n
e,x,w,f,n
p,f,n,t,p
p,f,w,t,p
e,x,n,f,n
e,x,g,f,n
e,f,n,f,n
e,x,w,f,n
p,f,w,t,p
e,b,y,t,a
e,x,n,f,n
p,f,n,t,p
e,x,g,f,n
e,x,g,f,n
e,x,w,f,n
p,f,w,t,p
e,f,w,f,n
e,x,n,f,n
e,f,n,f,n
e,x,n,f,n
p,f,n,t,p
e,x,w,f,n
e,f,w,f,n
p,f,w,t,p
e,f,g,f,n
e,f,n,t,n
e,x,g,f,n
e,x,g,t,n
e,x,n,t,n
e,f,n,t,n
e,f,e,t,n
e,f,g,f,n
e,x,g,t,n
e,x,g,t,n
e,x,g,f,n
p,f,n,t,p
e,f,n,t,n
p,x,n,t,p
e,x,w,t,a
e,x,w,f,n
e,x,y,t,a
p,x,g,f,f
e,f,n,f,n
e,f,w,f,n
e,x,n,t,n
e,f,n,f,n
e,x,n,f,n
p,x,w,t,p
e,f,n,t,n
e,x,w,t,l
e,f,g,f,n
e,x,e,t,n
e,f,w,f,n
e,x,g,f,n
e,x,n,t,n
e,x,g,t,n
e,x,g,t,n
e,f,w,f,n
e,x,g,t,n
e,x,n,t,n
e,x,e,t,n
e,x,n,t,n
e,f,w,f,n
e,x,n,t,n
e,x,g,f,n
e,x,g,f,n
e,f,w,f,n
e,x,g,t,n
p,f,n,t,p
e,x,e,t,n
e,f,w,f,n
e,f,g,f,n
e,x,g,t,n
e,f,g,t,n
e,x,n,t,n
e,f,e,t,n
e,x,w,f,n
e,x,e,t,n
e,x,n,t,n
e,x,g,t,n
e,x,n,t,n
e,x,y,t,a
e,x,e,t,n
p,f,w,t,p
e,x,w,f,n
e,x,e,t,n
e,x,n,t,n
e,x,w,f,n
e,x,g,t,n
e,x,g,f,n
e,x,e,t,n
e,x,n,t,n
e,x,w,f,n
e,x,n,f,n
e,x,w,f,n
e,x,n,f,n
e,f,e,t,n
e,f,w,f,n
e,f,g,f,n
e,x,e,t,n
e,x,e,t,n
e,x,g,t,n
e,x,e,t,n
e,f,n,f,n
e,x,w,f,n
e,x,w,f,n
e,x,w,f,n
e,x,e,t,n
e,x,n,t,n
e,f,n,t,n
e,f,w,t,l
e,f,w,f,n
p,f,w,t,p
e,f,g,t,n
e,x,n,t,n
e,x,w,f,n
e,x,w,f,n
e,x,n,f,n
e,x,n,f,n
e,x,g,f,n
e,x,n,t,n
e,x,n,t,n
e,f,g,f,n
e,f,n,f,n
e,x,g,f,n
e,f,g,t,n
e,x,w,f,n
e,f,n,f,n
e,f,w,f,n
e,x,g,f,n
e,f,n,f,n
e,f,n,f,n
e,x,n,t,n
e,f,g,f,n
e,f,w,f,n
e,x,e,t,n
e,x,g,t,n
e,x,e,t,n
e,x,g,f,n
e,f,g,f,n
e,f,y,t,l
p,f,w,t,p
e,f,n,f,n
e,f,n,f,n
e,f,n,t,n
e,x,e,t,n
e,f,g,f,n
e,x,n,f,n
e,x,g,f,n
e,x,e,t,n
e,f,n,t,n
e,x,n,f,n
e,x,n,f,n
e,f,w,f,n
e,f,g,f,n
p,f,w,t,p
e,b,w,t,a
e,x,n,t,n
e,f,g,f,n
e,x,n,f,n
e,x,n,f,n
e,f,w,t,l
e,x,w,f,n
e,x,w,f,n
e,x,g,f,n
e,x,e,t,n
e,f,n,t,n
e,x,n,t,n
e,f,w,f,n
e,f,n,f,n
p,f,w,t,p
e,f,n,f,n
e,x,g,t,n
e,x,g,t,n
e,x,g,f,n
e,x,g,t,n
e,x,e,t,n
e,x,g,t,n
e,x,g,t,n
e,x,n,t,n
p,x,w,t,p
e,x,n,f,n
e,x,n,t,n
e,x,g,t,n
p,f,n,t,p
e,x,g,t,n
e,x,g,f,n
e,x,e,t,n
e,f,n,f,n
e,f,w,f,n
e,f,n,f,n
e,x,e,t,n
e,f,n,f,n
e,f,n,t,n
e,f,w,f,n
e,x,n,f,n
e,f,n,f,n
p,x,n,t,p
e,x,n,t,n
e,f,n,f,n
p,f,w,t,p
e,x,n,t,n
e,x,g,t,n
e,f,n,f,n
e,x,e,t,n
e,f,w,f,n
e,x,w,f,n
e,x,w,t,l
e,x,w,f,n
e,x,g,t,n
e,x,g,t,n
e,x,g,f,n
p,f,w,t,p
e,x,e,t,n
p,f,n,t,p
p,f,n,t,p
e,x,g,t,n
e,f,n,f,n
e,x,g,t,n
e,x,n,f,n
e,x,n,t,n
e,f,n,f,n
e,f,n,f,n
e,x,n,f,n
e,x,n,f,n
e,x,n,t,n
e,x,e,t,n
e,f,n,f,n
e,x,n,t,n
p,f,w,t,p
e,x,y,t,l
p,f,n,t,p
e,f,w,f,n
e,f,n,f,n
p,f,n,t,p
e,x,n,f,n
e,x,n,f,n
e,x,e,t,n
e,f,n,f,n
e,x,w,f,n
e,f,g,f,n
e,f,w,f,n
e,f,y,t,a
e,f,w,t,a
e,f,n,f,n
e,x,n,t,n
e,x,g,t,n
e,x,n,t,n
e,x,n,f,n
e,x,g,t,n
e,x,n,t,n
e,x,g,f,n
e,x,n,t,n
e,x,n,f,n
e,b,w,t,l
e,x,e,t,n
e,f,n,f,n
e,x,e,t,n
e,f,n,t,n
e,x,g,t,n
e,x,g,f,n
e,x,n,f,n
e,x,g,f,n
e,x,g,f,n
e,x,e,t,n
e,f,g,t,n
e,f,n,t,n
e,x,n,f,n
e,f,n,f,n
e,x,w,f,n
e,x,y,t,a
e,x,e,t,n
e,x,n,f,n
e,x,n,t,n
e,f,g,t,n
e,x,w,f,n
e,x,w,t,a
e,x,n,f,n
e,f,w,f,n
e,f,n,t,n
e,f,w,f,n
e,x,g,t,n
e,x,n,t,n
e,x,w,f,n
e,x,w,t,a
e,f,g,f,n
p,f,n,t,p
e,f,g,f,n
e,x,n,t,n
e,x,w,f,n
e,x,n,t,n
e,x,e,t,n
p,f,n,t,p
e,f,g,f,n
e,x,g,t,n
e,f,g,t,n
e,x,g,t,n
e,x,g,t,n
e,x,n,t,n
p,x,w,t,p
e,x,y,t,l
e,x,n,t,n
e,f,n,t,n
e,x,g,f,n
e,x,e,t,n
e,x,g,f,n
e,f,w,f,n
e,x,n,t,n
e,f,n,t,n
e,f,g,f,n
e,f,g,f,n
e,f,n,f,n
e,x,g,t,n
e,x,e,t,n
p,f,n,t,p
e,x,g,t,n
e,x,w,f,n
e,b,w,t,a
e,x,w,f,n
e,f,n,f,n
e,x,g,t,n
e,f,g,t,n
e,x,g,f,n
p,x,w,t,p
e,x,n,f,n
e,x,g,t,n
e,f,g,t,n
e,x,n,t,n
e,x,e,t,n
e,f,n,t,n
e,x,e,t,n
e,f,n,t,n
e,x,e,t,n
e,x,g,t,n
e,f,g,t,n
e,x,e,t,n
e,x,e,t,n
p,x,w,t,p
e,x,e,t,n
e,x,g,t,n
e,x,n,t,n
e,x,e,t,n
e,x,g,t,n
e,x,g,t,n
e,x,g,t,n
e,x,e,t,n
e,f,e,t,n
e,f,n,t,n
e,x,n,t,n
e,f,g,t,n
e,x,e,t,n
e,x,g,t,n
e,x,g,t,n
p,x,g,f,f
p,f,w,t,p
e,x,e,t,n
e,x,w,f,n
e,x,n,t,n
e,f,n,t,n
e,x,n,t,n
e,x,g,t,n
e,x,g,t,n
e,x,e,t,n
e,x,n,t,n
e,x,g,t,n
e,x,e,t,n
e,x,e,t,n
e,x,n,t,n
e,x,e,t,n
e,f,n,t,n
e,f,n,t,n
e,x,n,t,n
p,f,n,t,p
e,f,e,t,n
p,x,w,t,p
e,x,e,t,n
e,f,n,t,n
e,x,n,t,n
e,f,e,t,n
e,x,e,t,n
e,x,g,t,n
e,x,n,t,n
e,f,n,t,n
e,f,n,t,n
e,x,e,t,n
e,x,n,t,n
e,x,e,t,n
e,f,g,t,n
e,x,n,t,n
e,f,n,t,n
e,x,e,t,n
e,x,e,t,n
e,x,g,t,n
e,x,g,t,n
e,x,e,t,n
e,x,g,t,n
e,x,g,t,n
e,f,g,t,n
e,x,g,t,n
e,x,e,t,n
e,f,n,t,n
e,f,n,t,n
e,x,e,t,n
p,x,g,f,f
e,x,g,t,n
e,x,e,t,n
e,x,n,t,n
e,f,n,t,n
e,x,e,t,n
e,f,n,t,n
e,f,n,t,n
e,f,g,t,n
e,x,e,t,n
e,x,g,t,n
e,x,g,t,n
e,x,n,t,n
e,x,g,t,n
e,x,g,f,n
e,x,e,t,n
e,f,g,t,n
e,x,e,t,n
e,f,g,t,n
e,x,g,t,n
e,x,g,t,n
e,f,g,t,n
e,x,w,f,n
e,x,n,t,n
e,f,n,t,n
e,f,g,t,n
e,x,g,t,n
e,x,e,t,n
e,x,e,t,n
e,x,n,t,n
e,f,g,t,n
e,x,g,t,n
p,x,p,f,c
e,x,n,t,n
e,f,g,t,n
e,x,e,t,n
e,f,n,t,n
e,x,n,t,n
e,x,g,t,n
e,f,n,t,n
e,x,n,t,n
e,x,n,t,n
e,x,e,t,n
e,f,g,t,n
e,x,e,t,n
e,x,e,t,n
e,f,n,t,n
e,x,e,t,n
e,x,e,t,n
e,x,w,f,n
e,x,g,t,n
e,x,e,t,n
e,x,g,t,n
e,x,e,t,n
e,x,g,t,n
e,f,e,t,n
e,f,g,t,n
e,x,e,t,n
e,x,g,t,n
e,f,g,f,n
p,x,g,f,f
e,x,e,t,n
e,x,e,t,n
p,f,w,t,p
e,f,n,t,n
e,x,e,t,n
e,x,e,t,n
e,x,g,t,n
e,x,g,t,n
e,x,g,f,n
e,x,n,t,n
e,f,e,t,n
e,x,g,t,n
e,f,n,t,n
e,f,g,f,n
e,f,g,t,n
e,x,n,t,n
e,f,g,t,n
e,f,n,t,n
e,x,g,t,n
e,x,e,t,n
e,x,n,t,n
e,f,g,f,n
e,x,n,t,n
e,f,n,t,n
e,x,e,t,n
e,x,e,t,n
e,x,n,t,n
e,f,w,f,n
e,x,n,t,n
e,x,e,t,n
e,x,g,t,n
e,f,g,t,n
e,f,n,f,n
e,f,g,t,n
e,x,e,t,n
e,f,g,t,n
e,x,n,t,n
e,x,e,t,n
e,x,n,t,n
e,x,g,t,n
e,f,g,t,n
e,x,n,t,n
e,x,n,t,n
e,x,e,t,n
e,f,g,t,n
e,x,n,t,n
p,x,p,f,c
e,f,g,t,n
e,f,n,t,n
p,f,n,t,p
e,x,n,t,n
e,x,g,t,n
e,x,e,t,n
e,x,e,t,n
e,x,e,t,n
e,x,g,t,n
e,f,w,f,n
e,x,g,t,n
e,x,n,f,n
e,x,n,t,n
e,x,g,t,n
e,x,e,t,n
e,x,n,t,n
e,x,g,t,n
e,x,g,t,n
e,x,g,t,n
e,x,g,t,n
e,f,g,t,n
e,x,e,t,n
e,x,e,t,n
e,x,n,t,n
e,x,n,t,n
e,f,n,t,n
e,f,n,t,n
e,x,g,t,n
e,x,e,t,n
e,f,n,t,n
e,x,e,t,n
e,f,n,t,n
e,x,g,t,n
e,f,n,t,n
e,x,g,t,n
e,x,e,t,n
e,x,n,t,n
e,x,g,t,n
e,x,e,t,n
e,x,n,t,n
e,f,n,t,n
e,f,g,t,n
e,x,n,t,n
e,x,e,t,n
e,f,n,t,n
e,x,n,t,n
e,f,n,t,n
e,x,e,t,n
e,x,e,t,n
e,x,g,t,n
e,x,g,t,n
e,f,e,t,n
e,x,n,t,n
e,x,e,t,n
e,x,g,t,n
e,x,g,t,n
e,x,e,t,n
e,f,n,t,n
e,x,n,t,n
e,x,g,t,n
e,x,w,f,n
e,f,g,t,n
e,f,g,f,n
e,f,n,t,n
e,x,e,t,n
p,f,w,t,p
e,x,g,t,n
e,f,n,t,n
e,x,g,t,n
e,x,e,t,n
e,f,g,t,n
e,x,n,t,n
e,x,e,t,n
e,x,n,t,n
e,x,n,t,n
e,f,n,t,n
e,x,g,t,n
e,x,n,t,n
e,x,e,t,n
e,f,n,t,n
e,x,e,t,n
e,f,w,f,n
e,x,n,t,n
e,x,g,t,n
e,x,n,t,n
e,x,e,t,n
e,f,n,t,n
e,x,n,t,n
e,x,n,t,n
p,f,w,t,p
e,x,g,t,n
e,f,w,f,n
e,x,g,f,n
e,x,g,t,n
e,f,n,t,n
e,x,e,t,n
e,x,g,t,n
e,f,n,t,n
e,x,n,t,n
p,x,g,f,f
e,x,e,t,n
e,x,n,f,n
p,x,w,t,p
e,x,g,t,n
e,f,n,t,n
e,x,n,t,n
e,x,g,t,n
e,x,g,t,n
e,f,n,t,n
e,f,n,t,n
e,x,g,t,n
e,f,g,t,n
e,x,e,t,n
e,x,e,t,n
p,x,w,t,p
e,f,g,t,n
e,x,g,t,n
e,f,e,t,n
e,f,g,t,n
e,x,n,t,n
e,x,e,t,n
e,x,e,t,n
e,x,e,t,n
e,f,g,t,n
e,x,g,t,n
e,f,n,t,n
e,x,n,t,n
e,x,g,t,n
e,x,g,t,n
e,x,n,t,n
e,f,n,t,n
e,x,n,t,n
e,x,n,t,n
e,f,n,t,n
e,x,n,t,n
e,x,n,t,n
e,x,n,t,n
e,f,g,t,n
e,x,e,t,n
e,f,n,t,n
p,x,p,f,c
e,x,e,t,n
e,f,n,t,n
e,x,n,t,n
e,f,e,t,n
e,x,e,t,n
e,x,g,t,n
e,x,g,t,n
e,x,g,t,n
e,x,g,t,n
e,f,g,t,n
e,x,e,t,n
e,f,n,t,n
e,f,e,t,n
e,x,g,t,n
e,x,g,t,n
e,x,g,t,n
p,x,g,f,f
e,x,n,t,n
e,x,e,t,n
e,x,n,t,n
e,f,n,t,n
e,f,n,t,n
e,f,g,t,n
e,f,g,t,n
e,x,g,t,n
e,x,g,f,n
e,x,g,t,n
e,x,e,t,n
e,f,n,t,n
e,x,e,t,n
e,x,g,t,n
e,x,n,t,n
e,x,e,t,n
e,x,n,t,n
e,f,g,t,n
e,x,g,t,n
e,x,g,t,n
e,f,n,t,n
e,x,g,t,n
e,f,n,t,n
e,x,e,t,n
e,x,n,t,n
e,x,g,t,n
e,f,g,t,n
e,x,g,t,n
e,x,n,t,n
e,x,g,t,n
e,x,g,t,n
e,x,e,t,n
e,x,n,t,n
e,x,g,t,n
p,f,n,t,p
e,x,g,f,n
e,x,g,t,n
e,x,e,t,n
p,x,p,f,c
e,x,n,t,n
e,x,e,t,n
e,x,n,t,n
e,x,e,t,n
e,x,w,f,n
e,f,g,t,n
e,x,g,t,n
e,x,g,t,n
e,x,e,t,n
e,x,g,t,n
e,x,g,t,n
e,x,e,t,n
p,f,w,t,p
e,f,n,t,n
e,x,e,t,n
e,x,e,t,n
e,x,g,t,n
e,f,w,f,n
e,x,n,f,n
e,x,n,t,n
e,f,n,t,n
e,x,e,t,n
e,x,e,t,n
e,x,e,t,n
e,f,n,t,n
e,x,g,t,n
e,f,n,t,n
e,f,e,t,n
e,x,e,t,n
p,x,w,f,c
e,f,n,t,n
e,f,g,t,n
e,f,n,t,n
e,x,n,t,n
e,x,e,t,n
e,f,w,f,n
e,x,g,t,n
e,x,e,t,n
e,f,n,t,n
e,f,n,t,n
e,x,n,t,n
e,x,g,t,n
e,x,n,t,n
e,x,g,t,n
e,x,n,t,n
e,x,n,t,n
e,f,n,t,n
e,x,g,t,n
e,x,e,t,n
e,x,n,t,n
p,x,g,f,f
e,f,g,t,n
e,x,e,t,n
p,x,g,f,f
e,x,e,t,n
e,x,e,t,n
p,x,g,f,f
p,x,p,f,c
e,x,g,t,n
e,f,g,t,n
e,x,g,t,n
e,x,g,t,n
e,x,g,t,n
e,f,g,t,n
e,x,g,t,n
e,x,e,t,n
e,x,n,t,n
e,x,n,t,n
e,f,n,t,n
e,f,n,t,n
e,f,g,t,n
e,x,g,t,n
e,x,n,t,n
e,x,e,t,n
e,f,n,t,n
e,x,g,t,n
e,x,n,t,n
p,x,w,f,c
e,f,n,t,n
e,x,e,t,n
e,x,n,t,n
e,f,g,t,n
e,x,e,t,n
p,x,g,f,f
e,x,e,t,n
e,f,g,t,n
e,f,e,t,n
e,x,e,t,n
p,x,g,f,f
e,x,n,t,n
e,x,n,t,n
e,x,n,t,n
e,x,n,t,n
e,x,g,t,n
e,x,n,t,n
e,x,g,t,n
e,x,e,t,n
e,x,e,t,n
e,x,g,t,n
e,f,e,t,n
e,f,n,t,n
e,f,n,t,n
e,x,g,t,n
e,x,g,t,n
e,x,e,t,n
e,f,n,t,n
e,f,n,t,n
e,x,e,t,n
e,x,n,t,n
e,f,n,t,n
e,f,n,t,n
p,x,g,f,f
e,x,g,t,n
e,x,n,t,n
e,x,g,t,n
e,x,g,t,n
e,x,g,t,n
e,f,n,t,n
e,f,g,t,n
e,x,n,t,n
e,x,e,t,n
e,f,n,t,n
p,x,g,f,f
e,x,e,t,n
e,f,n,t,n
e,x,e,t,n
e,x,e,t,n
e,x,e,t,n
e,f,g,t,n
e,f,n,t,n
e,x,g,t,n
e,f,g,t,n
e,x,n,t,n
e,x,g,t,n
e,x,g,t,n
e,x,n,t,n
e,x,e,t,n
e,f,n,t,n
e,x,e,t,n
e,x,n,t,n
e,f,n,t,n
e,x,e,t,n
e,x,g,t,n
e,x,n,t,n
p,x,g,f,c
e,f,g,t,n
e,x,n,t,n
e,f,n,f,n
e,f,n,t,n
e,x,g,t,n
e,f,g,t,n
e,x,g,t,n
e,f,e,t,n
e,x,g,t,n
e,x,g,t,n
e,f,g,t,n
e,x,n,t,n
e,f,n,t,n
e,x,e,t,n
e,x,e,t,n
e,f,n,t,n
e,x,n,t,n
e,x,g,t,n
e,f,g,t,n
e,f,w,f,n
e,x,n,t,n
e,x,g,t,n
e,f,e,t,n
e,x,e,t,n
e,x,n,t,n
e,f,n,t,n
e,x,g,t,n
e,f,n,t,n
e,x,e,t,n
e,x,e,t,n
e,x,e,t,n
e,x,e,t,n
e,x,e,t,n
e,x,e,t,n
e,f,n,t,n
e,x,g,t,n
e,x,g,t,n
e,x,g,t,n
e,x,n,t,n
e,x,e,t,n
e,x,e,t,n
e,x,g,t,n
e,x,e,t,n
e,f,n,t,n
e,x,e,t,n
e,f,n,t,n
e,f,n,t,n
e,f,n,t,n
e,x,g,t,n
e,x,e,t,n
e,x,e,t,n
e,f,g,t,n
e,f,n,t,n
e,x,n,t,n
e,f,n,t,n
p,x,p,f,c
e,x,e,t,n
e,x,n,t,n
e,x,e,t,n
e,f,n,t,n
e,f,n,t,n
e,x,g,t,n
e,f,n,f,n
e,x,g,t,n
e,x,n,t,n
e,x,n,t,n
e,f,g,t,n
e,x,e,t,n
e,f,n,t,n
p,x,g,f,f
e,x,e,t,n
e,x,g,t,n
e,x,e,t,n
e,x,e,t,n
e,x,e,t,n
e,f,n,t,n
e,f,n,t,n
e,x,n,t,n
e,x,e,t,n
e,x,e,t,n
e,x,n,t,n
e,x,g,t,n
e,x,n,t,n
e,x,e,t,n
e,x,e,t,n
e,x,e,t,n
e,x,e,t,n
e,x,n,t,n
e,x,e,t,n
e,f,e,t,n
e,f,n,t,n
e,x,e,t,n
e,x,n,t,n
e,x,e,t,n
e,f,g,t,n
e,x,n,t,n
e,f,e,t,n
e,x,n,t,n
e,x,e,t,n
e,x,g,t,n
e,f,g,t,n
e,x,n,t,n
e,x,g,f,n
e,f,n,t,n
e,x,g,t,n
e,x,g,t,n
e,x,n,t,n
e,x,e,t,n
e,x,e,t,n
e,x,n,t,n
e,x,e,t,n
e,x,e,t,n
e,x,n,t,n
e,f,g,t,n
e,x,e,t,n
e,f,n,t,n
e,x,n,t,n
e,x,e,t,n
e,x,g,t,n
e,x,n,t,n
e,x,g,t,n
p,x,g,f,c
e,x,n,t,n
e,x,g,t,n
e,x,n,t,n
e,x,g,t,n
e,x,n,t,n
e,f,n,t,n
e,f,n,t,n
e,x,n,t,n
e,f,n,t,n
e,f,n,t,n
e,f,g,t,n
e,x,g,t,n
e,x,g,t,n
e,x,g,t,n
e,f,n,t,n
e,x,g,t,n
p,x,g,f,f
e,f,n,t,n
e,x,g,t,n
e,x,g,t,n
p,x,g,f,f
e,f,n,t,n
e,x,e,t,n
e,x,n,t,n
e,x,e,t,n
e,x,e,t,n
e,x,n,t,n
e,f,n,t,n
e,x,e,t,n
e,x,g,t,n
e,f,n,t,n
e,x,e,t,n
e,x,g,t,n
e,f,g,t,n
e,f,g,t,n
e,f,n,t,n
e,x,n,t,n
e,x,e,t,n
e,f,g,f,n
e,x,e,t,n
e,f,g,t,n
e,x,e,t,n
e,x,g,t,n
e,f,n,t,n
e,x,e,t,n
e,x,e,t,n
e,x,g,t,n
p,x,w,f,c
e,x,e,t,n
e,x,e,t,n
e,x,n,t,n
e,f,w,f,n
e,x,g,t,n
e,f,g,t,n
e,x,g,t,n
e,f,e,t,n
e,x,e,t,n
e,x,n,t,n
e,x,e,t,n
e,x,e,t,n
e,f,e,t,n
e,f,n,t,n
e,x,g,t,n
e,x,g,t,n
e,x,g,t,n
e,x,e,t,n
e,x,n,t,n
e,f,n,f,n
e,x,e,t,n
e,x,g,t,n
e,x,n,t,n
e,x,g,t,n
e,x,e,t,n
e,f,n,t,n
e,x,g,t,n
e,f,g,t,n
e,x,e,t,n
e,f,n,t,n
e,x,g,t,n
e,x,n,t,n
e,x,e,t,n
e,x,e,t,n
e,x,n,t,n
e,f,n,t,n
e,x,g,t,n
e,x,e,t,n
e,f,n,t,n
e,f,n,t,n
e,x,e,t,n
e,x,g,t,n
e,x,g,t,n
p,x,p,f,c
e,x,n,t,n
e,x,e,t,n
e,f,n,f,n
e,x,g,t,n
e,x,g,t,n
e,x,n,t,n
e,f,g,t,n
e,x,g,t,n
e,x,n,t,n
e,x,e,t,n
e,x,n,t,n
e,f,g,t,n
e,f,n,t,n
e,x,g,t,n
e,x,e,t,n
e,x,g,t,n
e,f,g,t,n
e,x,e,t,n
p,x,p,f,c
e,f,n,t,n
e,x,e,t,n
e,x,g,t,n
e,x,g,t,n
e,x,g,t,n
e,x,e,t,n
e,x,n,t,n
e,x,g,t,n
e,x,e,t,n
e,x,n,t,n
e,x,g,t,n
e,x,n,t,n
e,x,e,t,n
e,x,e,t,n
e,x,g,t,n
e,f,g,t,n
e,f,e,t,n
e,f,g,t,n
e,x,e,t,n
e,x,e,t,n
e,x,w,f,n
e,x,n,t,n
e,x,e,t,n
e,f,e,t,n
e,x,g,t,n
e,f,n,t,n
p,x,g,f,c
e,f,e,t,n
e,x,g,t,n
e,x,n,f,n
e,x,e,t,n
p,x,w,f,c
e,x,e,t,n
e,f,g,t,n
e,f,n,t,n
e,x,n,t,n
e,f,n,t,n
e,x,g,t,n
e,f,n,t,n
e,x,g,t,n
e,f,n,t,n
e,x,g,t,n
p,x,g,f,f
e,x,g,t,n
e,x,g,t,n
e,x,g,t,n
e,x,e,t,n
e,x,g,t,n
e,x,g,t,n
e,f,g,t,n
e,x,e,t,n
e,x,g,t,n
e,x,e,t,n
e,x,n,t,n
e,x,g,t,n
e,x,e,t,n
e,f,n,t,n
e,x,e,t,n
e,f,n,t,n
e,x,n,t,n
e,x,g,t,n
e,f,e,t,n
e,x,g,t,n
e,x,g,t,n
e,x,g,t,n
p,x,g,f,f
e,x,g,t,n
e,x,g,t,n
e,x,n,t,n
e,x,g,t,n
e,f,n,t,n
e,x,n,t,n
e,x,e,t,n
e,x,n,t,n
e,f,g,t,n
e,f,g,t,n
p,x,g,f,f
e,x,n,t,n
e,x,n,t,n
e,x,e,t,n
e,x,n,t,n
e,f,n,t,n
e,x,g,t,n
e,x,n,t,n
e,x,e,t,n
e,f,g,t,n
e,x,g,t,n
e,x,e,t,n
e,x,e,t,n
e,x,g,t,n
e,x,n,t,n
e,x,e,t,n
e,f,n,t,n
e,x,e,t,n
e,f,n,t,n
e,x,e,t,n
e,x,n,t,n
e,x,e,t,n
e,x,e,t,n
e,x,n,t,n
e,x,n,t,n
e,x,e,t,n
e,f,n,t,n
e,x,n,t,n
e,x,e,t,n
e,f,g,f,n
e,x,e,t,n
e,x,e,t,n
e,f,n,t,n
e,f,n,t,n
e,x,g,t,n
e,x,g,t,n
e,x,n,t,n
e,f,n,t,n
e,x,n,t,n
e,x,g,t,n
e,x,g,t,n
e,x,e,t,n
e,x,g,t,n
e,x,e,t,n
e,x,g,t,n
e,x,e,t,n
e,x,e,t,n
e,x,e,t,n
e,f,g,t,n
e,x,g,t,n
e,x,e,t,n
e,x,g,t,n
e,f,n,t,n
p,x,g,f,f
e,x,n,t,n
e,x,g,t,n
e,f,n,t,n
e,x,e,t,n
e,f,g,t,n
e,x,n,t,n
e,x,e,t,n
e,x,e,t,n
e,x,n,t,n
e,x,n,t,n
p,x,y,f,f
e,f,n,t,n
p,x,g,f,f
p,x,g,f,c
e,f,g,t,n
e,f,e,t,n
e,f,n,t,n
e,f,e,t,n
p,x,g,f,f
e,f,g,t,n
e,f,e,t,n
e,f,e,t,n
p,x,w,f,c
e,x,e,t,n
e,f,n,t,n
p,x,g,f,f
p,x,g,f,f
e,f,e,t,n
e,f,e,t,n
e,f,n,t,n
e,f,g,t,n
e,f,e,t,n
e,f,e,t,n
e,f,e,t,n
e,f,e,t,n
p,x,p,f,c
p,x,g,f,f
e,f,e,t,n
e,f,g,t,n
e,f,g,t,n
e,f,g,t,n
e,f,e,t,n
e,f,e,t,n
p,f,g,f,f
e,f,n,t,n
e,f,e,t,n
p,x,g,f,c
e,f,e,t,n
e,f,e,t,n
p,x,y,f,f
p,f,y,f,f
e,f,n,t,n
e,f,n,t,n
e,f,g,t,n
e,f,n,t,n
e,x,e,t,n
p,x,p,f,c
e,f,n,t,n
e,x,e,t,n
e,f,e,t,n
e,f,n,t,n
p,x,w,f,c
e,f,g,t,n
e,f,g,t,n
e,f,g,t,n
e,f,n,t,n
p,x,g,f,c
p,x,p,f,c
e,f,e,t,n
p,x,g,f,f
p,x,w,f,c
p,x,g,f,f
e,f,n,t,n
p,x,y,f,f
e,f,g,t,n
e,f,n,t,n
e,f,g,t,n
p,x,w,f,c
p,x,g,f,f
e,f,g,t,n
e,x,n,t,n
e,f,g,t,n
p,x,g,f,f
e,f,n,t,n
p,f,g,f,f
e,f,e,t,n
e,x,n,t,n
p,f,g,f,f
e,f,g,t,n
e,f,g,t,n
e,f,e,t,n
p,x,g,f,f
e,f,e,t,n
e,f,n,t,n
p,x,g,f,f
e,f,e,t,n
p,x,g,f,f
e,f,e,t,n
p,x,g,f,f
p,x,g,f,f
p,x,g,f,f
e,f,e,t,n
p,x,g,f,f
e,f,e,t,n
p,x,g,f,c
e,f,g,t,n
p,x,p,f,c
e,f,e,t,n
e,f,e,t,n
e,f,e,t,n
e,f,n,t,n
p,x,g,f,f
p,f,y,f,f
p,x,g,f,c
e,f,e,t,n
e,f,e,t,n
e,f,e,t,n
e,f,n,t,n
p,x,g,f,f
p,x,g,f,c
e,f,g,t,n
e,f,e,t,n
e,f,e,t,n
e,f,g,t,n
e,f,n,t,n
e,f,n,t,n
e,f,e,t,n
p,x,g,f,c
p,x,w,f,c
e,f,g,t,n
e,f,g,t,n
p,x,g,f,f
e,x,e,t,n
p,x,w,f,c
e,f,g,t,n
e,f,g,t,n
e,f,g,t,n
e,f,e,t,n
e,f,n,t,n
e,f,g,t,n
e,f,n,t,n
e,f,g,t,n
e,f,g,t,n
e,x,n,t,n
e,f,e,t,n
e,f,e,t,n
e,f,e,t,n
p,x,y,f,f
e,f,g,t,n
e,f,n,t,n
p,x,g,f,f
e,f,g,t,n
e,f,g,t,n
e,f,g,t,n
e,f,e,t,n
e,f,g,t,n
p,x,w,f,c
p,x,w,f,c
e,f,n,t,n
e,f,e,t,n
e,f,e,t,n
p,x,g,f,f
e,f,g,t,n
e,f,g,t,n
e,f,g,t,n
p,x,w,f,c
e,x,e,t,n
e,f,e,t,n
p,x,g,f,f
e,f,e,t,n
p,x,g,f,f
p,x,p,f,c
e,f,g,t,n
p,x,g,f,f
p,x,w,f,c
p,x,g,f,f
e,f,e,t,n
p,x,g,f,f
p,x,g,f,c
e,f,g,t,n
e,f,n,t,n
e,f,e,t,n
p,x,g,f,f
p,x,p,f,c
e,x,n,t,n
e,f,e,t,n
e,f,n,t,n
e,f,g,t,n
p,x,g,f,f
e,f,n,t,n
p,x,p,f,c
p,x,w,f,c
e,f,e,t,n
e,f,n,t,n
e,f,e,t,n
e,f,g,t,n
p,x,g,f,f
p,x,g,f,f
e,f,e,t,n
p,x,y,f,f
p,x,p,f,c
e,f,e,t,n
p,f,y,f,f
e,f,e,t,n
e,f,e,t,n
e,x,n,t,n
e,f,e,t,n
e,f,g,t,n
p,x,g,f,f
e,f,e,t,n
p,f,g,f,f
e,f,e,t,n
e,f,e,t,n
e,f,g,t,n
p,x,g,f,f
e,f,g,t,n
e,f,g,t,n
p,x,g,f,f
p,x,w,f,c
e,f,e,t,n
p,x,y,f,f
e,f,e,t,n
e,f,g,t,n
e,f,e,t,n
e,f,g,t,n
e,f,g,t,n
e,f,e,t,n
p,x,g,f,c
e,f,g,t,n
e,f,n,t,n
e,f,g,t,n
e,f,g,t,n
e,f,n,t,n
e,x,g,t,n
e,f,g,t,n
p,x,g,f,f
p,x,w,f,c
e,f,g,t,n
e,f,g,t,n
e,f,g,t,n
p,x,g,f,f
p,x,w,f,c
p,x,g,f,f
e,x,g,t,n
p,x,g,f,f
e,f,e,t,n
e,f,g,t,n
e,x,g,t,n
p,x,g,f,f
e,f,g,t,n
e,f,g,t,n
p,x,w,f,c
p,x,y,f,f
e,f,e,t,n
p,x,g,f,f
p,x,g,f,f
e,x,n,t,n
p,x,g,f,f
e,f,n,t,n
e,f,g,t,n
e,f,g,t,n
e,f,g,t,n
p,x,g,f,c
e,f,g,t,n
e,f,e,t,n
e,f,n,t,n
e,f,g,t,n
p,x,p,f,c
p,x,g,f,f
e,f,g,t,n
e,f,g,t,n
p,x,p,f,c
e,x,g,t,n
p,x,g,f,f
p,x,g,f,f
e,f,n,t,n
e,f,n,t,n
p,x,g,f,c
p,f,g,f,f
p,x,p,f,c
e,f,e,t,n
e,f,g,t,n
e,f,e,t,n
p,x,y,f,f
e,f,g,t,n
p,x,w,f,c
p,x,g,f,f
e,f,e,t,n
e,f,g,t,n
p,x,g,f,f
p,x,g,f,f
p,x,p,f,c
e,x,g,t,n
p,x,g,f,f
e,f,n,t,n
e,x,n,t,n
e,f,e,t,n
e,f,g,t,n
e,f,e,t,n
e,f,g,t,n
e,f,g,t,n
p,x,p,f,c
e,f,e,t,n
e,f,e,t,n
p,x,w,f,c
e,f,g,t,n
e,f,n,t,n
p,x,g,f,f
e,f,e,t,n
p,x,g,f,f
e,f,e,t,n
e,f,g,t,n
e,f,g,t,n
p,x,g,f,f
e,f,e,t,n
p,x,w,f,c
e,f,n,t,n
e,x,g,t,n
e,f,n,t,n
e,f,e,t,n
e,f,g,t,n
e,f,e,t,n
p,x,g,f,f
e,f,g,t,n
e,f,g,t,n
e,f,g,t,n
e,f,g,t,n
e,f,e,t,n
e,f,e,t,n
e,f,n,t,n
e,f,n,t,n
p,x,p,f,c
p,x,g,f,f
e,f,g,t,n
e,f,e,t,n
p,x,w,f,c
p,x,p,f,c
p,x,g,f,f
e,x,g,t,n
e,f,e,t,n
p,x,p,f,c
e,f,g,t,n
e,f,n,t,n
p,x,g,f,f
e,f,n,t,n
e,x,e,t,n
p,x,w,f,c
e,f,n,t,n
p,x,g,f,f
e,f,e,t,n
p,x,y,f,f
e,f,g,t,n
e,x,e,t,n
e,f,e,t,n
e,f,g,t,n
p,x,g,f,c
e,f,g,t,n
e,f,e,t,n
p,x,g,f,f
e,f,n,t,n
p,x,g,f,c
p,x,g,f,f
e,f,e,t,n
e,f,n,t,n
e,f,g,t,n
e,f,g,t,n
p,x,w,f,c
p,x,g,f,f
p,x,g,f,c
e,f,e,t,n
e,f,e,t,n
p,f,g,f,f
p,x,g,f,f
e,f,e,t,n
p,x,p,f,c
p,x,g,f,c
e,f,e,t,n
e,f,e,t,n
e,f,e,t,n
e,f,n,t,n
p,x,p,f,c
p,x,g,f,f
e,f,e,t,n
e,f,e,t,n
e,f,g,t,n
e,f,e,t,n
e,f,n,t,n
e,f,e,t,n
p,f,y,f,f
e,x,g,t,n
p,x,p,f,c
e,x,e,t,n
e,f,g,t,n
e,f,e,t,n
e,x,e,t,n
e,f,g,t,n
e,f,e,t,n
p,x,w,f,c
p,x,g,f,f
p,x,p,f,c
e,f,g,t,n
e,x,n,t,n
p,x,g,f,c
e,f,n,t,n
p,x,p,f,c
e,f,e,t,n
p,x,w,f,c
e,x,n,t,n
p,x,g,f,f
p,x,g,f,c
e,f,n,t,n
p,x,g,f,f
p,x,p,f,c
e,f,e,t,n
p,x,g,f,c
e,x,g,t,n
e,x,g,t,n
e,f,n,t,n
e,f,n,t,n
e,f,n,t,n
p,x,g,f,c
e,f,g,t,n
e,x,e,t,n
e,f,g,t,n
e,f,e,t,n
e,f,n,t,n
p,x,g,f,f
p,x,g,f,c
e,f,e,t,n
e,x,g,t,n
p,x,g,f,c
e,f,n,t,n
e,f,g,t,n
e,f,e,t,n
p,x,y,f,f
p,x,g,f,c
e,f,g,t,n
e,f,n,t,n
e,f,n,t,n
e,f,g,t,n
e,f,g,t,n
p,x,g,f,f
e,f,g,t,n
e,f,e,t,n
p,x,g,f,c
e,f,g,t,n
p,f,g,f,f
e,f,e,t,n
p,x,g,f,f
e,f,g,t,n
p,x,p,f,c
e,f,e,t,n
p,x,p,f,c
p,x,w,f,c
e,f,g,t,n
p,x,p,f,c
p,x,g,f,f
e,x,n,t,n
e,f,g,t,n
e,f,e,t,n
p,x,g,f,f
p,x,g,f,c
p,x,g,f,f
p,x,w,f,c
e,f,n,t,n
e,f,g,t,n
p,x,w,f,c
e,x,g,t,n
e,f,n,t,n
e,f,g,t,n
e,x,e,t,n
e,f,e,t,n
p,x,w,f,c
e,f,e,t,n
p,x,y,f,f
e,f,g,t,n
e,f,n,t,n
p,x,g,f,c
p,x,p,f,c
e,f,e,t,n
e,x,g,t,n
e,f,g,t,n
p,x,g,f,f
e,x,n,t,n
e,f,g,t,n
e,f,g,t,n
p,x,g,f,c
e,f,n,t,n
p,x,g,f,f
e,f,g,t,n
e,f,e,t,n
e,f,e,t,n
p,x,w,f,c
p,x,w,f,c
e,f,e,t,n
e,f,e,t,n
e,f,n,t,n
p,x,g,f,f
e,f,g,t,n
p,x,g,f,f
e,f,e,t,n
p,x,g,f,f
e,f,g,t,n
e,f,e,t,n
e,f,n,t,n
p,x,g,f,f
e,f,e,t,n
e,x,g,t,n
e,f,g,t,n
p,x,w,f,c
e,f,e,t,n
e,f,e,t,n
e,f,e,t,n
e,x,e,t,n
e,f,n,t,n
p,x,g,f,f
e,x,g,t,n
p,x,g,f,f
e,f,g,t,n
e,f,n,t,n
p,x,g,f,f
e,f,g,t,n
p,f,g,f,f
e,f,e,t,n
p,x,g,f,c
e,f,e,t,n
e,f,n,t,n
e,x,e,t,n
e,f,e,t,n
e,f,g,t,n
p,x,p,f,c
p,f,g,f,f
e,f,g,t,n
e,f,e,t,n
p,x,p,f,c
e,f,n,t,n
e,f,g,t,n
e,f,e,t,n
e,f,e,t,n
e,x,g,t,n
p,x,w,f,c
e,f,g,t,n
p,x,g,f,f
e,f,n,t,n
e,f,n,t,n
p,x,g,f,c
e,f,g,t,n
e,f,e,t,n
p,x,g,f,f
e,x,n,t,n
e,f,e,t,n
e,f,e,t,n
p,x,p,f,c
p,x,g,f,f
e,f,e,t,n
e,f,g,t,n
p,x,p,f,c
e,f,g,t,n
e,f,e,t,n
e,f,n,t,n
e,x,g,t,n
e,x,n,t,n
e,f,n,t,n
p,x,p,f,c
e,f,e,t,n
p,x,y,f,f
p,x,g,f,c
e,f,n,t,n
p,f,g,f,f
p,x,g,f,c
e,f,g,t,n
e,f,g,t,n
e,f,g,t,n
e,x,n,t,n
p,x,y,f,f
e,f,g,t,n
p,x,g,f,f
e,f,e,t,n
e,f,e,t,n
p,f,g,f,f
e,f,e,t,n
p,x,y,f,f
e,f,e,t,n
e,f,g,t,n
e,f,e,t,n
e,f,e,t,n
e,f,e,t,n
e,f,n,t,n
e,f,g,t,n
e,f,e,t,n
p,x,g,f,f
e,f,n,t,n
p,x,g,f,c
e,f,n,t,n
e,f,g,t,n
e,x,e,t,n
e,f,e,t,n
e,f,g,t,n
e,x,g,t,n
p,x,p,f,c
e,x,n,t,n
e,f,n,t,n
e,f,g,t,n
p,f,g,f,f
e,f,g,t,n
e,f,e,t,n
p,x,g,f,f
e,f,n,t,n
p,x,g,f,f
e,f,e,t,n
e,x,n,t,n
e,x,g,t,n
e,f,e,t,n
p,x,g,f,f
p,x,g,f,c
p,x,g,f,f
p,x,g,f,f
p,f,g,f,f
e,f,g,t,n
p,x,g,f,f
e,f,e,t,n
e,f,n,t,n
e,f,n,t,n
p,x,y,f,f
e,f,g,t,n
p,x,p,f,c
e,f,e,t,n
e,f,n,t,n
e,x,n,t,n
e,f,e,t,n
p,x,g,f,f
p,x,g,f,f
e,f,g,t,n
e,x,n,t,n
p,x,g,f,f
e,f,g,t,n
p,x,p,f,c
e,f,n,t,n
e,f,g,t,n
p,x,g,f,f
e,x,e,t,n
p,x,g,f,c
p,x,g,f,f
e,f,n,t,n
p,x,g,f,f
e,f,e,t,n
e,f,g,t,n
e,f,g,t,n
e,f,n,t,n
e,f,e,t,n
e,f,g,t,n
e,f,e,t,n
e,f,n,t,n
p,x,y,f,f
e,f,g,t,n
e,f,n,t,n
p,x,g,f,f
p,x,g,f,f
p,x,g,f,f
e,f,e,t,n
e,f,n,t,n
p,x,g,f,f
p,x,g,f,f
p,f,g,f,f
e,f,n,t,n
p,x,g,f,c
e,f,e,t,n
p,f,y,f,f
e,f,n,t,n
e,x,e,t,n
p,x,g,f,f
e,x,n,t,n
p,x,w,f,c
e,f,g,t,n
e,f,e,t,n
e,f,g,t,n
p,x,g,f,f
e,f,e,t,n
e,f,e,t,n
p,x,p,f,c
e,f,e,t,n
e,f,g,t,n
e,f,g,t,n
e,f,g,t,n
p,x,g,f,f
e,f,n,t,n
e,f,g,t,n
e,f,n,t,n
p,x,p,f,c
e,f,e,t,n
e,f,g,t,n
e,f,e,t,n
p,x,w,f,c
p,x,g,f,f
e,f,n,t,n
p,x,g,f,f
p,x,w,f,c
e,f,n,t,n
e,f,g,t,n
e,f,g,t,n
e,f,g,t,n
p,x,w,f,c
e,f,e,t,n
p,x,g,f,f
e,f,n,t,n
e,f,n,t,n
p,x,p,f,c
e,f,g,t,n
p,x,p,f,c
e,x,n,t,n
p,x,g,f,f
e,f,e,t,n
p,x,p,f,c
p,x,g,f,f
e,f,e,t,n
e,f,e,t,n
p,x,g,f,c
p,x,g,f,f
e,f,g,t,n
p,x,g,f,f
e,f,e,t,n
e,f,n,t,n
p,f,y,f,f
e,f,e,t,n
e,f,e,t,n
e,f,n,t,n
e,x,n,t,n
p,f,g,f,f
e,f,g,t,n
e,f,e,t,n
e,f,n,t,n
e,x,g,t,n
e,x,n,t,n
p,x,g,f,f
p,x,w,f,c
p,f,y,f,f
e,f,n,t,n
e,f,e,t,n
e,f,e,t,n
e,f,e,t,n
e,f,e,t,n
e,f,n,t,n
e,f,e,t,n
p,x,g,f,f
e,f,e,t,n
e,f,n,t,n
p,x,g,f,f
p,x,w,f,c
p,x,g,f,c
e,x,n,t,n
p,f,y,f,f
p,x,g,f,c
e,f,e,t,n
e,f,e,t,n
e,f,e,t,n
p,x,y,f,f
e,f,n,t,n
e,f,e,t,n
e,f,e,t,n
p,x,y,f,f
p,x,g,f,c
e,f,e,t,n
p,x,g,f,c
p,x,w,f,c
p,x,g,f,f
e,f,g,t,n
e,f,e,t,n
p,f,y,f,f
e,f,e,t,n
e,f,e,t,n
e,f,g,t,n
e,f,e,t,n
e,f,g,t,n
e,f,n,t,n
e,f,e,t,n
e,f,n,t,n
e,f,e,t,n
e,f,e,t,n
e,f,g,t,n
e,x,g,t,n
e,f,n,t,n
e,f,n,t,n
e,x,e,t,n
e,f,n,t,n
p,x,g,f,f
e,f,e,t,n
e,x,g,t,n
e,f,n,t,n
e,f,n,t,n
e,f,g,t,n
p,x,g,f,f
e,f,e,t,n
p,f,g,f,f
e,f,g,t,n
e,f,g,t,n
e,f,g,t,n
p,f,y,f,f
e,x,n,t,n
e,f,g,t,n
p,f,g,f,f
e,f,n,t,n
p,x,g,f,c
e,f,e,t,n
p,x,w,f,c
e,f,n,t,n
p,x,w,f,c
e,f,e,t,n
e,f,g,t,n
e,f,e,t,n
e,f,e,t,n
p,x,g,f,c
e,f,e,t,n
e,f,e,t,n
p,x,p,f,c
e,f,e,t,n
p,x,p,f,c
e,f,e,t,n
p,f,g,f,f
e,f,g,t,n
p,x,g,f,f
e,f,n,t,n
e,f,e,t,n
e,f,n,t,n
p,x,p,f,c
p,x,g,f,f
e,f,e,t,n
e,f,g,t,n
e,f,g,t,n
e,f,e,t,n
e,f,e,t,n
e,x,g,t,n
p,x,g,f,f
e,x,n,t,n
e,f,e,t,n
e,f,e,t,n
p,x,w,f,c
e,f,e,t,n
e,f,g,t,n
p,x,g,f,f
e,f,g,t,n
p,x,w,f,c
e,f,e,t,n
p,x,w,f,c
p,x,g,f,f
p,x,g,f,f
e,f,g,t,n
e,f,g,t,n
e,f,e,t,n
e,f,e,t,n
p,x,g,f,f
e,f,e,t,n
e,f,e,t,n
p,x,g,f,f
e,f,e,t,n
p,x,g,f,c
e,f,g,t,n
e,f,e,t,n
e,f,e,t,n
e,f,g,t,n
e,x,e,t,n
e,f,g,t,n
p,x,p,f,c
e,f,n,t,n
p,x,g,f,f
e,f,e,t,n
e,f,g,t,n
e,f,e,t,n
p,x,w,f,c
p,x,w,f,c
e,x,n,t,n
e,f,e,t,n
e,f,e,t,n
e,x,g,t,n
p,x,g,f,f
p,x,w,f,c
e,f,n,t,n
e,f,e,t,n
p,x,w,f,c
p,x,g,f,c
e,x,e,t,n
p,x,g,f,f
p,x,g,f,c
p,x,g,f,f
p,x,g,f,c
e,x,g,t,n
p,x,p,f,c
e,f,e,t,n
p,x,p,f,c
p,x,g,f,c
e,f,e,t,n
p,x,g,f,c
p,x,g,f,c
e,f,g,t,n
e,f,n,t,n
p,x,g,f,c
e,f,e,t,n
p,x,w,f,c
e,f,n,t,n
p,x,g,f,f
p,f,g,f,f
e,f,g,t,n
p,x,g,f,f
e,f,g,t,n
p,x,g,f,f
p,f,g,f,f
e,f,e,t,n
e,f,g,t,n
p,x,w,f,c
e,f,g,t,n
p,x,g,f,f
p,x,y,f,f
p,f,g,f,f
p,x,y,f,f
p,x,w,f,c
p,x,y,f,f
p,x,y,f,f
p,x,y,f,f
p,f,y,f,f
p,f,y,f,f
e,f,g,t,n
p,x,g,f,f
p,f,y,f,f
p,f,y,f,f
e,x,g,t,n
e,f,n,t,n
e,f,e,t,n
p,x,y,f,f
p,f,g,f,f
p,f,g,f,f
e,f,e,t,n
p,f,g,f,f
e,f,e,t,n
e,f,g,t,n
e,f,g,t,n
p,x,g,f,f
p,x,y,f,f
p,f,y,f,f
e,f,e,t,n
p,x,y,f,f
p,f,g,f,f
p,f,y,f,f
p,f,y,f,f
p,x,g,f,f
p,f,y,f,f
p,x,p,f,c
p,x,y,f,f
e,f,e,t,n
e,f,e,t,n
p,x,p,f,c
p,x,y,f,f
p,f,g,f,f
e,x,g,t,n
e,f,e,t,n
p,f,g,f,f
e,f,g,t,n
p,x,y,f,f
p,f,g,f,f
e,f,e,t,n
p,x,y,f,f
p,f,y,f,f
p,x,y,f,f
p,f,g,f,f
p,x,p,f,c
p,x,g,f,c
p,x,g,f,f
p,x,y,f,f
p,f,g,f,f
e,f,g,t,n
p,x,g,t,f
p,x,y,f,f
e,f,g,t,n
p,f,y,f,f
p,x,g,f,f
p,f,y,f,f
p,x,g,f,f
p,f,g,f,f
p,f,y,f,f
p,x,y,f,f
p,x,w,f,c
p,x,g,f,f
p,x,g,f,f
e,f,n,t,n
e,f,g,t,n
p,x,y,f,f
p,x,p,f,c
p,f,g,f,f
p,x,g,f,f
p,x,w,f,c
e,f,e,t,n
p,f,g,f,f
p,x,p,f,c
p,f,w,t,f
p,x,y,f,f
e,x,b,t,n
p,f,g,f,f
p,x,g,f,f
p,x,y,f,f
p,f,y,f,f
e,f,g,t,n
p,x,y,f,f
p,x,g,f,f
p,f,g,f,f
p,x,g,f,c
p,x,g,f,c
p,x,g,f,f
p,x,g,t,f
p,x,g,f,f
e,f,g,t,n
p,f,y,f,f
e,f,e,t,n
p,f,g,f,f
e,f,n,t,n
e,f,e,t,n
p,x,g,f,f
p,x,g,f,f
e,f,e,t,n
p,f,g,f,f
e,f,g,t,n
e,f,e,t,n
e,f,e,t,n
p,f,g,f,f
e,x,e,t,n
p,f,g,f,f
p,x,y,f,f
p,f,y,f,f
p,x,y,f,f
p,x,y,f,f
e,x,g,t,n
e,x,g,t,n
p,f,g,f,f
p,f,y,f,f
p,x,g,f,f
p,x,e,f,y
p,x,g,f,f
p,x,g,f,f
p,x,g,f,c
p,f,g,f,f
p,f,b,t,f
p,x,g,f,f
p,x,y,f,f
p,x,w,f,c
p,x,y,f,f
e,f,e,t,n
p,x,g,f,f
p,x,y,f,f
p,x,y,f,f
p,f,g,f,f
p,x,y,f,f
e,f,g,t,n
p,x,g,f,f
e,f,n,t,n
p,f,g,f,f
p,f,g,f,f
p,f,g,f,f
p,x,w,f,c
p,x,g,f,f
e,f,n,t,n
p,x,w,f,c
p,x,y,f,f
p,x,y,f,f
p,x,p,f,c
p,f,y,f,f
p,f,g,f,f
e,f,e,t,n
p,x,y,f,f
p,f,y,f,f
p,x,g,f,c
p,x,p,f,c
e,x,e,t,n
p,x,y,f,f
e,f,n,t,n
e,f,e,t,n
p,f,y,f,f
p,x,y,f,f
p,x,g,f,f
p,f,g,f,f
p,f,y,f,f
e,f,g,t,n
p,x,g,f,f
p,x,y,f,f
p,f,g,f,f
p,f,y,f,f
e,f,e,t,n
e,f,n,t,n
p,x,y,f,f
e,f,u,f,n
e,f,n,t,n
p,f,y,f,f
p,f,y,f,f
p,x,g,f,f
p,x,g,f,f
p,f,y,f,f
p,x,y,f,f
p,x,y,f,f
p,x,g,f,f
p,x,y,f,f
e,x,g,t,n
p,f,g,f,f
e,f,e,t,n
p,x,g,f,f
p,f,y,f,f
e,f,n,t,n
e,f,g,t,n
p,f,g,f,f
e,x,e,t,n
e,f,e,t,n
p,f,y,f,f
p,x,w,f,c
p,x,g,f,f
p,x,e,f,y
p,x,y,f,f
p,f,g,f,f
e,f,g,t,n
p,x,n,f,f
e,f,e,t,n
p,b,b,t,n
e,f,g,t,n
p,f,g,f,f
e,f,g,t,n
p,f,y,f,f
p,f,y,f,f
p,f,g,f,f
e,f,e,t,n
p,x,g,f,f
p,f,y,f,f
p,x,y,f,f
p,x,y,f,f
p,f,y,f,f
p,f,y,f,f
p,x,g,f,f
e,f,e,t,n
p,f,g,f,f
p,f,y,f,f
e,f,n,t,n
p,x,y,f,f
p,x,y,f,f
e,f,n,t,n
p,f,g,f,f
e,f,e,t,n
p,x,y,f,f
p,f,g,f,f
p,x,y,f,f
p,x,g,f,c
e,f,g,t,n
p,f,g,f,f
p,x,g,f,f
p,f,g,f,f
e,f,n,t,n
p,x,y,f,f
p,f,g,f,f
e,f,e,t,n
e,f,e,t,n
p,f,g,t,f
p,x,g,f,f
p,f,g,f,f
p,x,g,f,f
p,x,y,f,f
p,f,g,f,f
p,f,g,f,f
e,f,e,t,n
p,x,g,f,f
p,f,g,f,f
p,x,g,f,f
e,f,e,t,n
e,f,e,t,n
e,f,e,t,n
p,f,y,f,f
p,f,g,f,f
e,f,n,t,n
p,x,g,f,f
e,f,g,t,n
p,x,y,f,f
p,x,y,f,f
p,x,y,f,f
e,f,c,f,n
p,x,g,f,f
p,f,g,f,f
p,x,g,f,f
p,f,g,f,f
p,x,b,t,f
p,f,g,f,f
p,x,g,f,f
p,f,y,f,f
p,f,g,f,f
p,f,g,f,f
e,f,g,t,n
p,x,y,f,f
p,x,y,f,f
e,f,e,t,n
p,f,g,f,f
p,f,g,f,f
p,x,y,f,f
e,f,g,t,n
p,x,g,f,f
p,x,g,f,f
e,f,n,t,n
e,f,g,t,n
p,x,g,f,f
p,f,y,f,f
p,f,y,f,f
p,f,g,f,f
p,f,g,f,f
p,f,g,f,f
p,f,b,t,f
e,f,e,t,n
p,x,n,f,y
e,x,g,t,n
p,x,g,f,c
p,x,p,f,c
p,x,n,f,y
p,f,g,f,f
p,x,y,f,f
p,x,g,t,f
p,f,g,f,f
p,x,y,f,f
p,f,g,f,f
p,f,g,f,f
p,f,g,f,f
p,x,g,f,f
p,f,g,f,f
p,x,y,f,f
p,f,y,f,f
p,x,y,f,f
p,x,y,f,f
p,x,y,f,f
p,f,g,t,f
p,x,y,f,f
p,f,y,f,f
p,f,g,f,f
p,f,y,f,f
p,f,y,f,f
p,x,g,f,f
p,x,g,f,f
e,f,e,t,n
p,f,y,f,f
p,f,g,f,f
p,f,g,f,f
p,x,y,f,f
p,x,y,f,f
p,x,g,f,f
p,x,y,f,f
p,f,w,t,f
p,f,y,f,f
p,f,y,f,f
p,f,g,f,f
p,f,y,f,f
p,f,y,f,f
p,f,g,f,f
p,x,g,f,f
p,x,y,f,f
p,f,g,f,f
p,x,y,f,f
p,f,g,f,f
p,x,y,f,f
p,x,w,t,f
p,f,g,f,f
p,x,b,t,f
p,f,g,f,f
p,x,g,f,f
p,x,y,f,f
p,x,y,f,f
p,x,y,f,f
e,f,g,t,n
p,f,y,f,f
p,x,g,f,f
p,f,y,f,f
p,f,y,f,f
p,f,y,f,f
p,x,g,f,f
p,f,g,f,f
p,x,g,f,f
p,x,p,f,c
p,x,y,f,f
p,x,y,f,f
p,f,y,f,f
p,x,g,f,f
p,f,g,f,f
p,x,g,f,f
p,x,y,f,f
p,x,y,f,f
p,x,g,f,f
p,x,y,f,f
p,f,g,f,f
p,f,g,f,f
p,x,y,f,f
e,k,n,f,n
p,f,g,f,f
p,x,y,f,f
p,f,y,f,f
p,x,g,f,f
p,x,g,f,f
p,f,y,f,f
e,f,p,t,n
p,f,y,f,f
p,x,y,f,f
p,x,g,f,f
p,f,g,f,f
p,x,y,f,f
p,f,g,f,f
p,f,g,f,f
e,k,p,t,n
p,x,y,f,f
p,f,y,f,f
p,f,g,f,f
p,f,g,f,f
p,x,y,f,f
p,f,g,f,f
p,x,g,f,f
p,f,y,f,f
p,f,g,f,f
p,x,y,f,f
p,f,g,f,f
p,f,g,f,f
p,f,y,f,f
e,f,g,t,n
p,f,g,f,f
p,f,g,f,f
p,f,g,f,f
p,x,y,f,f
p,x,g,f,f
p,x,y,f,f
p,f,y,f,f
p,x,y,f,f
p,x,y,f,f
p,f,g,f,f
p,x,y,f,f
p,f,g,f,f
p,f,g,f,f
p,f,g,f,f
p,f,y,f,f
p,f,g,f,f
p,x,y,f,f
p,f,g,f,f
p,f,g,f,f
p,f,g,f,f
e,x,r,f,n
p,f,y,f,f
p,x,y,f,f
p,x,n,f,s
p,f,y,f,f
p,k,n,f,n
p,f,y,f,f
p,x,g,f,f
p,x,g,f,f
p,f,g,f,f
p,x,y,f,f
p,x,g,f,f
p,x,g,f,f
p,x,g,f,f
p,x,g,f,f
e,f,e,t,n
p,f,y,f,f
p,x,y,f,f
p,f,y,f,f
p,x,y,f,f
p,f,g,f,f
p,f,g,f,f
p,x,y,f,f
p,f,b,t,f
p,x,g,f,f
p,x,y,f,f
p,f,g,f,f
p,f,g,f,f
p,f,y,f,f
p,f,g,f,f
p,x,g,f,f
e,x,e,t,n
p,f,g,f,f
p,f,y,f,f
p,f,g,f,f
p,x,y,f,f
p,f,g,f,f
p,x,y,f,f
p,b,w,t,n
p,f,b,t,f
p,x,y,f,f
p,f,g,f,f
p,f,g,f,f
p,f,y,f,f
p,f,g,f,f
p,x,y,f,f
p,x,y,f,f
p,f,g,f,f
p,x,w,t,f
e,f,g,t,n
p,x,n,f,y
p,f,g,f,f
p,f,g,f,f
e,f,e,t,n
e,x,b,t,n
p,x,y,f,f
p,x,y,f,f
p,x,y,f,f
p,x,y,f,f
p,f,y,f,f
p,f,g,f,f
p,x,g,f,f
p,f,y,f,f
p,x,g,f,f
p,x,y,f,f
p,f,g,f,f
p,f,y,f,f
p,x,g,f,f
p,f,g,f,f
p,f,g,f,f
e,x,u,f,n
p,x,g,f,f
p,f,y,f,f
p,f,y,f,f
p,x,y,f,f
p,f,y,f,f
p,f,g,f,f
p,f,g,f,f
p,f,g,f,f
p,f,y,f,f
p,f,y,f,f
p,f,g,f,f
p,f,g,f,f
p,f,y,f,f
e,f,e,t,n
p,f,b,t,f
p,f,g,f,f
p,f,g,f,f
p,x,y,f,f
p,f,y,f,f
p,f,y,f,f
e,f,n,t,n
p,f,y,f,f
e,x,b,t,n
p,x,y,f,f
p,x,y,f,f
p,x,y,f,f
p,f,g,f,f
e,f,e,t,n
p,f,y,f,f
p,f,y,f,f
p,x,y,f,f
p,x,y,f,f
p,x,n,f,y
p,f,y,f,f
p,x,y,f,f
p,f,y,f,f
p,f,y,f,f
p,f,g,f,f
p,f,g,f,f
p,f,g,f,f
p,f,g,f,f
p,x,g,f,c
p,x,y,f,f
p,f,g,t,f
p,x,g,f,f
p,x,y,f,f
p,x,y,f,f
e,f,g,t,n
p,f,g,f,f
p,f,y,f,f
p,f,g,f,f
p,x,y,f,f
p,x,g,f,f
p,x,y,f,f
e,f,n,t,n
p,x,g,f,f
p,f,y,f,f
p,x,g,f,f
p,x,y,f,f
p,f,g,f,f
p,f,g,f,f
p,x,y,f,f
e,k,b,t,n
p,x,y,f,f
p,x,n,f,s
p,f,g,f,f
p,x,g,f,f
p,f,y,f,f
p,f,g,f,f
p,f,g,f,f
p,f,y,f,f
p,x,y,f,f
p,x,w,t,f
p,x,y,f,f
p,f,y,f,f
p,x,y,f,f
p,x,y,f,f
p,f,y,f,f
p,x,y,f,f
p,x,y,f,f
p,f,g,f,f
p,f,y,f,f
p,f,g,f,f
e,f,n,t,n
p,x,y,f,f
p,x,g,f,f
p,f,g,f,f
p,f,g,f,f
p,x,y,f,f
p,f,g,f,f
p,x,g,f,f
p,x,y,f,f
p,x,y,f,f
p,f,y,f,f
e,f,c,f,n
p,f,g,f,f
p,x,g,f,f
p,f,y,f,n
p,f,y,f,f
p,x,g,t,f
e,f,n,t,n
p,x,n,f,y
p,x,g,f,c
p,x,y,f,f
p,f,g,f,f
p,f,g,f,f
p,x,y,f,f
p,x,y,f,f
p,x,g,f,f
p,f,g,f,f
p,f,g,f,f
p,f,y,f,f
p,x,y,f,f
p,f,y,f,f
p,f,g,f,f
p,f,y,f,f
p,f,y,f,f
p,f,y,f,f
p,f,y,f,f
p,x,g,f,f
p,x,g,f,f
p,x,g,f,f
e,x,b,t,n
p,f,g,f,f
p,x,y,f,f
p,x,n,f,s
p,x,g,f,f
p,f,g,f,f
p,f,g,f,f
p,f,y,f,f
p,x,y,f,f
p,x,y,f,f
p,f,g,f,f
p,x,g,f,f
p,f,y,f,f
p,x,y,f,f
e,x,u,f,n
e,f,b,t,n
p,f,y,f,f
p,x,y,f,f
p,x,g,f,f
p,f,g,f,f
p,f,g,f,f
p,f,g,f,f
p,f,g,f,f
p,x,y,f,f
p,f,y,f,f
p,f,g,f,f
p,f,y,f,f
p,f,y,f,f
p,f,g,f,f
p,f,b,t,f
p,f,w,t,n
p,x,y,f,f
p,f,y,f,f
p,f,g,f,f
p,x,y,f,f
p,x,y,f,f
p,x,y,f,f
e,f,g,t,n
e,x,u,f,n
p,x,g,f,f
p,f,y,f,f
p,x,y,f,f
p,f,g,f,f
p,x,y,f,f
p,x,y,f,f
p,x,y,f,f
p,f,y,f,f
p,x,g,f,f
p,f,g,f,f
p,f,g,f,f
p,x,y,f,f
e,f,e,t,n
p,x,y,f,f
p,f,g,f,f
p,x,g,f,f
p,f,g,f,f
p,f,g,f,f
p,f,g,f,f
p,f,g,f,f
p,f,g,f,f
p,f,y,f,f
p,x,y,f,f
p,x,g,f,f
p,x,g,f,f
p,x,w,f,c
p,f,g,f,f
p,x,y,f,f
p,f,g,f,f
p,x,y,f,f
p,f,g,f,f
p,f,g,f,f
p,f,y,f,f
p,x,g,f,f
p,f,y,f,f
p,f,y,f,f
p,x,y,f,f
p,f,y,f,f
p,x,y,f,f
p,f,y,f,f
p,x,y,f,f
p,f,g,f,f
p,f,g,f,f
p,f,y,f,f
p,f,g,f,f
p,f,g,f,f
p,f,y,f,f
p,x,y,f,f
p,x,y,f,f
p,f,y,f,f
p,x,y,f,f
p,x,y,f,f
p,x,n,f,y
e,f,b,t,n
p,x,y,f,f
p,x,y,f,f
p,f,g,f,f
p,x,y,f,f
p,f,g,f,f
p,f,g,f,f
p,f,g,f,f
p,x,y,f,f
p,f,y,f,f
p,f,y,f,f
p,f,g,f,f
p,f,g,f,f
p,f,g,f,f
p,f,g,f,f
p,f,g,f,f
p,f,g,f,f
p,x,g,f,c
p,f,b,t,f
e,f,e,t,n
p,x,y,f,f
p,x,g,f,f
p,f,g,f,f
e,f,g,t,n
p,x,y,f,f
p,x,y,f,f
p,f,y,f,f
p,x,y,f,f
p,x,y,f,f
p,x,g,f,f
p,f,w,t,f
p,x,g,f,f
p,x,y,f,f
p,f,g,f,f
p,x,g,f,f
p,x,y,f,f
e,f,u,f,n
p,f,y,f,f
p,f,g,f,f
p,x,y,f,f
p,f,g,f,f
e,f,n,t,n
p,x,y,f,f
p,f,g,f,f
p,x,g,f,f
p,f,y,f,f
p,x,y,f,f
p,x,y,f,f
p,x,y,f,f
p,f,g,f,f
p,x,w,t,f
e,f,e,t,n
e,x,u,f,n
p,x,y,f,f
p,x,g,f,f
p,x,y,f,f
p,f,g,f,f
p,x,g,f,f
p,f,g,f,f
p,f,y,f,f
p,x,g,f,f
p,f,g,f,f
e,f,p,t,n
p,f,g,f,f
p,x,y,f,f
p,x,g,f,f
p,f,y,f,f
p,x,y,f,f
p,f,g,f,f
p,f,y,f,f
p,x,g,f,f
p,x,g,f,f
p,f,y,f,f
p,f,g,f,f
p,x,g,f,f
p,f,y,f,f
p,f,g,f,f
p,x,g,f,f
p,f,g,f,f
p,x,g,f,f
p,f,g,f,f
p,x,y,f,f
p,x,y,f,f
p,x,g,f,f
p,f,y,f,f
e,f,n,t,n
p,f,g,f,f
p,x,y,f,f
p,x,g,t,f
p,f,y,f,f
p,x,y,f,f
p,x,w,f,c
p,x,y,f,f
p,f,b,t,f
p,x,y,f,f
p,x,g,f,f
p,f,y,f,f
p,f,p,t,n
p,f,b,t,f
p,x,g,f,f
p,x,g,f,f
p,x,g,f,f
p,f,g,f,f
p,f,g,f,f
p,x,y,f,f
p,f,y,f,f
e,f,u,f,n
p,x,y,f,f
e,f,e,t,n
p,f,y,f,f
p,x,y,f,f
p,x,n,f,f
p,x,g,f,f
p,x,y,f,f
p,f,g,f,f
p,x,g,f,f
p,x,g,f,f
p,x,y,f,f
p,f,y,f,f
p,f,g,f,f
p,f,g,f,f
e,f,n,t,n
p,x,y,f,f
e,f,e,t,n
p,x,y,f,f
p,x,g,f,f
p,f,g,f,f
p,x,y,f,f
p,f,g,f,f
p,f,g,f,f
p,f,g,f,f
p,f,g,f,f
p,x,y,f,f
p,x,y,f,f
p,f,y,f,f
p,x,g,f,f
p,f,y,f,f
p,f,g,f,f
p,x,p,f,c
p,f,y,f,f
p,x,g,f,f
p,x,y,f,f
p,x,g,f,f
p,f,y,f,f
p,x,g,f,f
p,x,y,f,f
p,f,g,f,f
p,f,g,f,f
p,x,y,f,f
p,f,y,f,f
p,x,g,f,f
p,x,y,f,f
p,x,g,f,f
p,x,g,f,f
p,x,y,f,f
p,x,g,f,f
p,f,g,f,f
p,f,g,f,f
p,x,g,f,f
p,x,y,f,f
p,x,g,f,f
p,f,g,f,f
p,x,y,f,f
p,x,y,f,f
p,f,g,f,f
p,f,g,f,f
e,x,p,t,n
p,f,y,f,f
p,x,p,f,c
p,x,y,f,f
p,f,g,f,f
p,x,y,f,f
e,f,e,t,n
p,x,y,f,f
p,x,y,f,f
p,f,g,f,f
p,f,y,f,f
e,f,n,t,n
p,x,y,f,f
p,f,g,f,f
p,x,y,f,f
p,f,y,f,f
p,f,y,f,f
p,f,g,f,f
p,f,g,f,f
p,x,y,f,f
p,f,g,f,f
p,x,y,f,f
e,f,g,t,n
p,x,g,t,f
p,x,n,f,f
p,f,g,t,f
p,f,g,f,f
p,f,y,f,f
p,f,g,f,f
e,f,e,t,n
p,f,g,f,f
p,x,y,f,f
p,f,g,f,f
p,x,y,f,f
p,f,y,f,f
e,f,n,t,n
p,f,g,f,f
p,k,n,f,n
p,f,g,f,f
p,f,y,f,f
p,x,n,f,s
p,f,g,f,f
p,f,g,f,f
p,f,w,t,f
p,f,y,f,f
p,x,g,f,f
p,x,y,f,f
e,x,e,t,n
p,f,y,f,f
p,b,y,f,n
p,f,y,f,f
p,x,g,t,f
p,f,y,f,f
p,f,y,f,f
e,k,e,t,n
p,f,y,f,f
p,f,y,f,f
e,k,n,f,n
p,x,w,f,c
p,x,y,f,f
p,x,y,f,f
p,x,y,f,f
p,f,y,f,f
p,b,b,t,n
p,x,w,t,f
e,f,e,t,n
p,b,w,t,n
e,f,p,t,n
p,x,w,t,f
e,k,n,t,n
p,x,y,f,f
p,f,b,t,f
p,f,g,f,f
p,x,y,f,f
p,x,g,f,f
p,x,y,f,f
p,x,y,f,f
p,x,y,f,f
p,x,y,f,f
p,x,g,f,f
p,f,g,f,f
e,k,e,t,n
e,f,n,t,n
e,f,b,t,n
p,x,y,f,f
e,f,g,t,n
p,f,y,f,f
p,f,g,f,f
p,x,g,t,f
p,f,g,f,f
p,x,y,f,f
p,f,y,f,f
p,x,n,f,f
p,f,g,f,f
e,f,n,t,n
e,f,e,t,n
p,f,g,f,f
p,x,y,f,f
p,f,g,f,f
e,f,e,t,n
p,x,y,f,f
p,f,y,f,f
p,f,g,f,f
p,f,y,f,f
p,x,g,f,f
p,b,w,t,n
p,f,y,f,f
p,x,n,f,f
p,f,g,f,f
p,x,y,f,f
p,f,y,f,f
e,f,p,t,n
p,x,w,t,f
p,f,g,f,f
p,x,g,f,f
p,x,y,f,f
p,f,b,t,f
p,x,g,f,c
p,x,y,f,f
p,f,g,f,f
p,f,y,f,f
e,x,r,f,n
e,f,w,f,n
p,x,y,f,f
p,f,y,f,f
p,f,y,f,f
p,x,e,f,y
p,x,e,f,y
p,x,g,f,f
p,x,y,f,f
p,f,g,f,f
p,x,g,f,f
p,x,y,f,f
p,f,y,f,f
e,f,e,t,n
p,f,y,f,f
p,x,y,f,f
p,f,g,t,f
p,f,y,f,f
p,x,y,f,f
p,x,y,f,f
p,x,g,t,f
p,f,g,f,f
p,f,g,f,f
p,x,w,f,c
p,f,g,f,f
e,f,e,t,n
p,x,y,f,f
p,x,y,f,f
e,k,b,t,n
p,f,y,f,f
p,f,y,f,f
p,x,y,f,f
e,x,n,f,n
e,x,e,t,n
p,x,g,f,f
p,x,y,f,f
p,f,g,t,f
p,x,y,f,f
p,f,g,f,f
p,x,g,f,f
p,x,n,f,s
e,k,b,t,n
p,f,y,f,f
p,x,g,f,f
p,f,g,f,f
p,x,y,f,f
p,f,y,f,f
e,k,p,t,n
p,f,n,f,n
p,x,g,f,f
p,x,y,f,f
p,x,g,f,f
p,f,b,t,f
e,f,b,t,n
p,f,w,t,f
p,f,g,f,f
p,x,y,f,f
p,f,g,f,f
p,f,y,f,f
p,f,y,f,f
p,x,b,t,f
p,f,g,f,f
p,x,g,f,f
p,f,y,f,f
p,f,y,f,f
p,f,g,t,f
e,f,b,t,n
e,x,p,t,n
e,k,n,t,n
p,f,p,t,n
p,f,g,f,f
p,x,y,f,f
p,f,g,f,f
p,f,g,f,f
p,x,y,f,f
p,f,g,f,f
p,f,g,f,f
p,f,y,f,f
p,f,y,f,f
p,f,y,f,f
p,x,y,f,f
p,x,y,f,f
p,f,g,f,f
p,f,g,f,f
p,x,y,f,f
p,x,y,f,f
e,f,u,f,n
p,f,g,f,f
p,x,n,f,y
p,x,y,f,f
p,x,y,f,f
p,x,g,f,f
p,f,y,f,f
p,x,y,f,f
p,x,g,f,f
e,f,b,t,n
p,f,g,f,f
p,f,y,f,f
e,x,n,t,n
p,f,g,f,f
p,x,g,f,f
p,x,n,f,f
p,f,y,f,f
p,x,n,f,n
p,b,b,t,n
p,f,y,f,f
p,f,g,f,f
e,f,u,f,n
p,x,y,f,f
p,f,y,f,f
p,f,y,f,f
p,x,y,f,f
e,x,e,t,n
p,f,g,f,f
p,x,y,f,f
p,x,y,f,f
p,f,g,f,f
e,k,b,t,n
p,f,y,f,f
p,x,g,f,f
p,x,y,f,f
p,f,y,f,f
p,f,w,t,f
p,x,g,f,c
p,f,y,f,f
e,f,u,f,n
p,x,y,f,f
p,f,g,f,f
p,x,y,f,f
p,x,y,f,f
p,x,g,t,f
p,f,g,f,f
p,f,y,f,f
p,f,y,f,f
p,x,g,f,f
p,x,g,f,f
p,x,g,f,f
p,x,g,f,f
p,x,y,f,f
p,f,g,f,f
p,f,y,f,f
p,x,g,f,f
p,f,y,f,f
p,x,n,f,s
p,x,y,f,f
p,x,y,f,f
p,f,b,t,f
p,f,g,f,f
p,f,y,f,f
p,x,y,f,f
p,f,g,f,f
p,x,y,f,f
p,x,g,f,f
p,x,e,f,y
e,k,b,t,n
e,f,b,t,n
p,x,g,f,f
p,f,y,f,f
p,x,g,f,f
p,f,g,f,f
p,x,b,t,f
p,f,y,f,f
p,x,w,t,f
p,x,y,f,f
p,x,g,f,f
p,x,w,t,f
p,f,b,t,f
p,x,w,t,f
p,f,y,f,f
p,f,g,f,f
p,x,y,f,f
p,f,g,f,f
e,x,w,f,n
e,x,e,t,n
p,x,g,f,f
p,f,g,f,f
p,x,n,f,y
p,x,g,f,f
p,f,g,f,f
p,f,y,f,f
p,f,y,f,f
e,f,e,t,n
p,x,y,f,f
p,f,y,f,f
p,f,g,f,f
p,x,y,f,f
p,x,y,f,f
p,k,y,f,n
p,f,y,f,f
e,k,c,f,n
p,f,g,f,f
p,f,y,f,f
p,x,g,f,f
p,x,g,f,f
p,f,y,f,f
p,f,y,f,f
p,x,y,f,f
p,f,y,f,f
p,x,y,f,f
p,b,p,t,n
e,k,p,t,n
p,x,y,f,f
p,x,y,f,f
e,k,b,t,n
p,f,y,f,f
p,x,w,t,f
p,x,n,f,s
p,x,n,f,y
p,x,e,f,y
p,f,w,t,n
p,x,g,t,f
e,f,c,f,n
p,x,g,f,f
p,f,y,f,f
p,f,y,f,f
e,f,p,t,n
p,x,b,t,f
p,x,g,t,f
p,x,e,f,y
e,k,c,f,n
p,x,w,t,f
p,x,w,t,f
p,f,b,t,f
p,f,b,t,f
e,k,c,f,n
p,x,g,f,f
p,f,w,t,f
p,f,g,t,f
p,c,w,t,n
p,x,g,t,f
p,b,w,t,n
p,x,b,t,f
p,f,w,t,f
p,b,y,f,n
p,x,n,f,s
p,x,n,f,y
e,k,n,t,n
e,k,b,t,n
p,f,w,t,f
p,f,b,t,n
p,f,y,f,f
p,x,g,f,f
p,f,b,t,n
p,x,n,f,f
p,x,e,f,y
p,f,g,f,f
e,x,e,t,n
p,x,n,f,f
p,x,y,f,f
p,x,n,f,y
e,f,n,f,n
p,x,n,f,f
e,x,b,t,n
e,f,n,t,n
p,f,y,f,f
p,f,b,t,n
p,x,n,f,n
p,x,n,f,y
p,x,b,t,f
p,x,b,t,f
p,f,y,f,f
p,f,g,t,f
p,x,n,f,f
p,x,b,t,f
p,f,n,f,n
e,x,e,t,n
p,f,b,t,f
p,f,w,t,f
e,k,e,t,n
p,x,y,f,f
p,x,n,f,n
e,x,n,t,n
p,x,g,f,f
p,f,b,t,f
p,f,b,t,f
p,f,y,f,f
p,f,y,f,f
e,x,p,t,n
e,f,p,t,n
p,b,w,t,n
e,x,c,f,n
e,f,n,t,n
p,x,b,t,f
p,x,g,t,f
p,f,y,f,f
p,x,b,t,f
p,x,w,t,f
e,f,c,f,n
p,x,e,f,y
p,f,y,f,f
e,x,w,f,n
p,x,y,f,f
p,f,p,t,n
p,f,g,t,f
p,x,n,f,s
e,k,p,t,n
p,x,n,f,f
p,x,g,f,f
p,f,b,t,f
e,k,p,t,n
p,x,y,f,f
p,f,g,f,f
p,f,g,f,f
p,x,b,t,f
p,x,n,f,f
p,x,y,f,f
p,f,y,f,f
p,f,n,f,n
e,k,b,t,n
p,f,y,f,f
p,x,e,f,y
p,x,g,t,f
e,f,n,t,n
p,x,g,f,f
p,x,n,f,y
p,x,g,t,f
p,x,g,t,f
p,f,p,t,n
e,k,b,t,n
p,x,w,t,f
p,x,n,f,y
e,k,n,t,n
p,f,y,f,f
e,x,p,t,n
p,f,g,t,f
e,x,p,t,n
p,b,n,f,n
p,f,b,t,f
p,x,n,f,f
p,x,n,f,f
p,x,b,t,f
p,x,n,f,f
e,k,p,t,n
e,k,c,f,n
p,x,y,f,f
e,x,n,t,n
p,f,g,f,f
p,f,y,f,f
p,f,g,t,f
p,k,w,t,n
e,k,n,f,n
p,k,y,f,n
p,f,w,t,f
p,f,y,f,n
p,f,y,f,f
e,k,b,t,n
p,f,y,f,f
p,x,n,f,y
p,x,y,f,f
p,x,y,f,f
p,b,w,t,n
p,f,y,f,f
p,x,w,t,f
p,x,b,t,f
e,k,b,t,n
p,f,y,f,f
p,x,b,t,f
p,b,b,t,n
p,x,w,t,f
e,k,n,t,n
p,f,g,t,f
p,x,y,f,n
p,f,g,t,f
p,f,y,f,f
p,k,n,f,n
p,f,b,t,f
e,f,e,t,n
p,x,n,f,f
p,x,n,f,y
p,x,n,f,y
p,x,w,t,f
e,k,n,t,n
p,f,g,f,f
e,x,b,t,n
p,f,w,t,f
e,k,n,f,n
p,x,n,f,s
p,f,w,t,f
p,x,g,t,f
p,k,y,f,n
p,f,w,t,n
p,f,y,f,f
e,k,p,t,n
p,f,w,t,n
p,f,b,t,f
e,f,w,f,n
e,x,r,f,n
e,x,b,t,n
p,f,g,t,f
p,x,e,f,y
p,f,y,f,f
p,f,g,t,f
p,f,b,t,f
e,f,e,t,n
p,x,e,f,y
p,f,g,f,f
p,f,y,f,f
e,x,n,t,n
p,f,g,t,f
p,x,n,f,s
p,f,w,t,f
e,x,c,f,n
p,f,g,t,f
p,f,g,f,f
e,x,r,f,n
p,x,y,f,f
p,x,n,f,f
p,x,n,f,s
e,f,e,t,n
p,x,g,t,f
e,k,n,t,n
e,f,e,t,n
p,x,n,f,f
p,b,n,f,n
p,x,n,f,s
e,f,b,t,n
p,x,w,t,f
p,f,y,f,f
e,f,n,t,n
p,b,w,t,n
e,x,n,f,n
p,f,y,f,f
p,x,b,t,f
p,x,n,f,s
p,x,g,t,f
p,f,g,t,f
p,x,n,f,f
e,f,w,f,n
p,x,n,f,s
p,f,g,f,f
p,x,e,f,y
p,x,w,t,f
p,f,g,f,f
p,x,w,t,f
p,k,y,f,n
p,f,w,t,f
p,f,g,t,f
e,x,c,f,n
p,x,w,t,f
p,x,n,f,s
p,f,p,t,n
p,f,y,f,f
e,x,p,t,n
p,f,b,t,n
p,x,y,f,n
p,f,y,f,f
e,f,n,f,n
e,x,n,f,n
p,x,n,f,y
p,f,g,t,f
p,x,b,t,f
p,f,g,t,f
p,x,b,t,f
e,x,r,f,n
p,f,y,f,f
p,f,g,t,f
p,x,n,f,f
p,f,y,f,f
p,f,w,t,f
p,x,w,t,f
p,f,g,f,f
p,f,y,f,f
p,x,n,f,f
p,x,y,f,n
e,f,n,t,n
p,f,y,f,f
p,f,g,t,f
p,x,n,f,y
p,f,y,f,f
p,f,y,f,f
p,f,w,t,f
p,f,p,t,n
p,f,y,f,f
e,k,p,t,n
p,x,b,t,f
p,x,w,t,f
p,x,w,t,f
p,x,n,f,f
p,b,p,t,n
p,x,b,t,f
e,x,p,t,n
p,x,n,f,s
p,x,y,f,f
p,x,w,t,f
e,f,b,t,n
p,f,b,t,f
e,x,c,f,n
e,f,p,t,n
e,x,n,f,n
e,f,p,t,n
p,f,g,t,f
e,k,e,t,n
e,k,e,t,n
p,f,w,t,f
e,k,b,t,n
p,x,b,t,f
p,b,y,f,n
p,x,w,t,f
p,x,y,f,f
p,f,y,f,f
p,b,n,f,n
p,f,y,f,f
p,f,y,f,f
e,f,c,f,n
p,x,e,f,y
p,f,w,t,f
p,x,n,f,f
p,b,p,t,n
p,f,y,f,f
p,x,b,t,f
p,f,y,f,f
p,f,b,t,f
p,f,b,t,f
p,x,n,f,y
p,f,y,f,f
e,x,n,t,n
p,f,y,f,f
e,f,b,t,n
e,f,e,t,n
e,x,n,t,n
p,f,w,t,f
p,f,y,f,f
e,f,p,t,n
e,x,e,t,n
p,f,y,f,f
p,b,b,t,n
p,f,b,t,f
p,f,g,t,f
p,x,b,t,f
p,x,y,f,f
p,f,w,t,f
p,x,g,t,f
e,f,r,f,n
p,f,y,f,f
p,x,n,f,f
p,x,b,t,f
e,x,c,f,n
p,x,g,t,f
e,x,u,f,n
p,x,y,f,f
p,f,g,f,f
p,f,w,t,n
p,x,n,f,y
p,x,n,f,s
p,x,g,f,f
e,x,p,t,n
p,f,g,t,f
p,x,b,t,f
p,x,n,f,y
p,x,g,t,f
p,x,n,f,y
p,f,w,t,f
p,x,g,t,f
p,x,g,t,f
p,f,y,f,f
p,f,y,f,f
p,f,g,f,f
p,x,y,f,f
p,x,g,t,f
p,f,b,t,f
p,f,w,t,f
p,f,g,f,f
p,f,b,t,f
p,x,n,f,s
p,x,w,t,f
e,k,e,t,n
p,f,b,t,n
p,x,n,f,y
e,k,n,t,n
p,f,w,t,f
p,f,w,t,f
p,x,n,f,y
p,x,w,t,f
p,x,n,f,y
p,b,p,t,n
p,x,e,f,y
p,f,g,f,f
p,x,y,f,f
p,x,g,f,f
p,f,w,t,n
p,f,g,t,f
e,k,p,t,n
p,x,w,t,f
e,k,p,t,n
p,f,w,t,f
p,x,n,f,y
p,x,y,f,f
p,f,g,f,f
p,x,g,f,f
e,x,e,t,n
p,f,y,f,f
p,x,n,f,s
p,x,b,t,f
p,f,y,f,f
e,k,e,t,n
p,f,p,t,n
p,f,w,t,n
p,f,y,f,f
p,f,y,f,f
e,f,r,f,n
p,x,w,t,f
p,x,w,t,f
p,x,b,t,f
p,x,n,f,y
e,k,e,t,n
e,k,p,t,n
e,x,b,t,n
p,x,g,t,f
p,f,y,f,f
p,x,n,f,y
p,c,w,t,n
p,f,w,t,f
p,f,g,t,f
p,x,e,f,y
p,x,g,t,f
p,x,n,f,s
e,x,p,t,n
e,f,w,f,n
p,f,y,f,f
p,x,n,f,y
p,x,y,f,f
p,x,n,f,s
p,x,g,t,f
p,x,n,f,s
e,k,n,f,n
p,x,w,t,f
p,f,y,f,f
e,x,p,t,n
p,b,b,t,n
p,f,g,f,f
e,f,r,f,n
p,x,n,f,f
p,x,n,f,y
p,f,b,t,f
p,f,y,f,f
p,x,n,f,f
e,f,n,t,n
p,x,n,f,f
e,f,e,t,n
e,x,b,t,n
e,x,n,t,n
p,f,w,t,f
e,x,b,t,n
p,x,y,f,f
p,f,y,f,f
p,f,y,f,f
e,k,e,t,n
p,f,w,t,f
e,k,c,f,n
e,k,n,f,n
p,b,p,t,n
p,x,n,f,y
p,x,b,t,f
e,f,r,f,n
p,x,b,t,f
e,f,u,f,n
p,x,n,f,y
p,x,w,t,f
e,x,e,t,n
e,f,p,t,n
p,x,n,f,s
p,x,n,f,f
p,x,w,t,f
p,f,y,f,f
e,x,n,t,n
e,x,e,t,n
p,x,w,t,f
p,x,y,f,f
p,f,b,t,n
p,f,y,f,f
p,x,g,t,f
e,f,p,t,n
e,x,n,t,n
p,b,w,t,n
p,f,y,f,f
p,x,e,f,y
p,x,b,t,f
p,x,b,t,f
p,x,n,f,s
p,b,p,t,n
e,x,c,f,n
p,x,n,f,f
p,x,w,t,f
p,x,n,f,f
e,f,n,f,n
p,x,n,f,y
p,f,g,t,f
p,x,e,f,y
e,x,r,f,n
p,b,p,t,n
e,x,p,t,n
p,x,n,f,y
p,x,n,f,f
p,f,g,t,f
p,f,y,f,f
p,f,p,t,n
p,x,n,f,s
p,x,n,f,s
e,f,b,t,n
p,f,b,t,f
e,x,c,f,n
e,x,w,f,n
p,x,n,f,y
e,f,n,f,n
p,x,n,f,f
p,x,n,f,s
e,k,p,t,n
p,f,w,t,n
p,x,n,f,f
p,f,y,f,f
e,k,n,f,n
p,f,g,t,f
p,f,w,t,n
p,f,g,f,f
e,f,n,t,n
p,x,y,f,f
p,x,n,f,s
p,x,e,f,y
p,f,y,f,f
p,b,w,t,n
p,x,b,t,f
e,f,b,t,n
e,x,c,f,n
p,f,w,t,f
e,k,p,t,n
e,k,n,t,n
e,x,b,t,n
p,x,y,f,f
p,f,g,t,f
p,f,y,f,f
e,x,e,t,n
p,f,b,t,f
e,x,n,f,n
p,f,y,f,f
p,f,g,f,f
p,b,b,t,n
p,x,e,f,y
p,f,y,f,f
p,f,y,f,f
p,f,w,t,n
e,k,e,t,n
p,f,y,f,f
e,k,n,t,n
p,f,y,f,n
p,f,g,f,f
p,f,y,f,f
p,x,e,f,y
e,f,b,t,n
p,f,w,t,f
p,x,w,t,f
p,f,g,f,f
e,f,p,t,n
p,f,y,f,f
p,f,y,f,f
e,k,e,t,n
e,x,n,t,n
p,x,y,f,f
p,f,b,t,f
p,x,g,f,f
p,f,g,t,f
p,x,w,t,f
p,x,n,f,n
p,f,b,t,f
e,f,e,t,n
p,f,y,f,f
p,x,b,t,f
e,k,n,f,n
p,f,y,f,f
e,k,c,f,n
p,x,g,f,f
p,x,n,f,y
e,f,p,t,n
p,x,b,t,f
p,x,g,f,f
p,f,y,f,f
p,x,e,f,y
e,f,r,f,n
p,f,y,f,f
p,x,g,t,f
p,x,w,t,f
p,f,b,t,f
e,x,n,t,n
p,f,y,f,n
e,f,u,f,n
p,x,n,f,y
e,x,n,t,n
p,x,w,t,f
p,f,y,f,f
e,f,b,t,n
e,k,c,f,n
p,x,g,t,f
p,f,g,f,f
p,x,e,f,y
e,f,p,t,n
e,k,p,t,n
p,x,y,f,f
p,x,n,f,y
e,f,n,t,n
p,f,y,f,f
p,x,n,f,s
e,f,n,t,n
p,f,y,f,f
p,f,y,f,f
p,f,y,f,f
e,f,c,f,n
p,b,b,t,n
e,k,e,t,n
p,x,b,t,f
p,x,g,t,f
p,f,y,f,f
p,x,g,t,f
p,x,e,f,y
p,f,w,t,f
e,f,p,t,n
p,f,b,t,f
p,x,e,f,y
e,f,w,f,n
e,x,p,t,n
p,x,b,t,f
p,k,w,t,n
p,f,g,t,f
p,x,n,f,s
e,k,e,t,n
p,x,n,f,y
p,x,n,f,s
p,f,w,t,f
e,f,e,t,n
p,f,b,t,f
p,b,w,t,n
e,f,n,f,n
p,f,g,t,f
p,x,w,t,f
p,f,y,f,f
e,x,b,t,n
e,f,n,t,n
e,x,r,f,n
e,k,b,t,n
p,x,w,t,f
p,x,n,f,y
e,x,b,t,n
p,f,w,t,n
p,f,b,t,f
p,x,g,t,f
e,k,n,t,n
p,f,g,t,f
e,k,p,t,n
p,f,b,t,n
p,x,n,f,s
p,f,y,f,f
p,x,b,t,f
e,k,c,f,n
p,f,g,t,f
p,f,w,t,f
p,b,b,t,n
p,b,p,t,n
p,f,w,t,f
e,x,n,t,n
p,x,n,f,s
p,x,g,f,f
e,x,b,t,n
p,x,n,f,f
p,x,b,t,f
p,f,p,t,n
p,x,n,f,y
p,x,w,t,f
p,f,w,t,f
e,f,r,f,n
p,f,w,t,f
p,f,w,t,f
e,x,w,f,n
p,x,n,f,s
e,k,b,t,n
p,x,n,f,f
p,x,n,f,y
p,x,b,t,f
e,f,r,f,n
p,b,p,t,n
p,x,b,t,f
e,f,c,f,n
e,x,u,f,n
p,x,b,t,f
e,x,w,f,n
p,x,n,f,y
e,x,p,t,n
p,f,p,t,n
p,f,n,f,n
p,f,y,f,f
p,f,w,t,f
p,x,g,f,f
e,f,e,t,n
p,f,b,t,n
p,b,p,t,n
p,x,n,f,s
p,x,b,t,f
p,x,y,f,f
p,b,w,t,n
e,f,n,f,n
p,f,y,f,f
p,f,y,f,f
p,f,y,f,f
p,x,g,t,f
p,x,e,f,y
p,x,y,f,n
p,x,n,f,f
p,f,w,t,f
p,f,g,f,f
e,f,n,f,n
p,x,g,t,f
p,f,b,t,f
e,f,e,t,n
p,x,b,t,f
p,f,y,f,f
p,x,n,f,f
p,f,w,t,f
p,f,g,t,f
p,f,y,f,f
e,f,c,f,n
p,x,n,f,s
e,k,e,t,n
p,x,n,f,y
p,f,w,t,f
p,x,e,f,y
e,x,n,t,n
p,f,g,f,f
p,x,w,t,f
e,f,e,t,n
p,f,y,f,f
p,f,y,f,f
e,f,e,t,n
p,f,g,t,f
e,k,n,t,n
p,f,y,f,f
p,x,w,t,f
p,x,n,f,s
p,f,y,f,f
p,f,w,t,n
p,x,n,f,s
e,f,w,f,n
e,x,w,f,n
p,x,n,f,f
p,f,g,t,f
e,x,u,f,n
p,f,w,t,n
p,x,y,f,f
p,f,g,t,f
p,f,y,f,f
p,x,y,f,f
p,f,y,f,f
p,x,g,t,f
e,f,r,f,n
p,f,w,t,f
e,k,n,t,n
p,x,n,f,s
p,x,g,t,f
p,f,y,f,f
p,b,w,t,n
p,x,n,f,f
p,b,b,t,n
p,f,y,f,f
p,x,g,f,f
e,x,e,t,n
e,k,b,t,n
p,x,n,f,f
e,x,e,t,n
p,f,b,t,n
e,f,n,t,n
p,x,e,f,y
e,f,b,t,n
p,x,g,t,f
p,f,b,t,n
p,x,n,f,s
p,x,e,f,y
p,f,y,f,f
p,x,n,f,f
p,x,n,f,s
p,f,g,t,f
e,x,p,t,n
e,x,u,f,n
p,f,y,f,f
p,x,g,t,f
p,x,n,f,s
p,f,g,t,f
p,x,b,t,f
p,x,y,f,f
p,b,w,t,n
e,k,n,t,n
p,x,e,f,y
p,f,y,f,f
e,x,b,t,n
p,x,b,t,f
p,f,g,t,f
p,f,b,t,f
p,f,y,f,f
p,x,n,f,f
p,f,w,t,f
e,k,n,t,n
e,x,e,t,n
e,x,w,f,n
p,f,b,t,f
p,f,g,t,f
e,f,e,t,n
p,f,y,f,f
p,x,n,f,s
p,f,w,t,n
p,f,g,f,f
e,x,n,f,n
p,f,y,f,f
p,x,w,t,f
e,x,b,t,n
e,x,p,t,n
p,x,g,t,f
p,f,g,f,f
p,x,w,t,f
p,x,y,f,f
p,f,w,t,f
e,k,n,t,n
e,x,p,t,n
p,f,y,f,f
e,f,b,t,n
e,x,e,t,n
p,x,g,t,f
p,f,b,t,f
p,f,y,f,f
p,x,b,t,f
p,f,w,t,f
p,f,y,f,f
p,f,y,f,f
p,f,g,f,f
p,f,g,f,f
p,b,p,t,n
p,x,n,f,f
p,b,w,t,n
e,x,n,t,n
p,x,n,f,y
p,x,n,f,y
p,x,n,f,f
p,f,b,t,f
p,b,y,f,n
p,x,g,t,f
e,f,p,t,n
e,k,p,t,n
e,f,n,t,n
p,b,p,t,n
p,x,g,t,f
p,x,g,t,f
p,x,y,f,f
p,x,n,f,s
p,f,b,t,n
p,x,b,t,f
p,b,b,t,n
e,f,w,f,n
e,x,n,f,n
p,x,y,f,f
p,f,b,t,f
p,f,y,f,f
e,k,e,t,n
p,f,y,f,f
p,b,n,f,n
p,x,n,f,s
p,f,y,f,f
p,x,y,f,f
p,x,g,t,f
p,x,n,f,f
e,x,n,t,n
e,f,n,f,n
p,f,b,t,n
p,k,n,f,n
p,f,g,f,f
p,x,n,f,s
p,f,g,f,f
p,f,g,f,f
p,x,g,t,f
e,x,r,f,n
p,x,n,f,y
p,f,p,t,n
p,x,e,f,y
p,f,b,t,f
p,x,b,t,f
e,k,e,t,n
p,f,b,t,f
e,x,n,f,n
p,f,y,f,f
e,f,w,f,n
p,f,w,t,f
p,f,p,t,n
p,f,y,f,f
p,f,g,t,f
p,x,n,f,f
p,f,y,f,f
p,f,g,t,f
p,f,w,t,f
p,x,n,f,s
p,f,y,f,f
p,x,n,f,f
p,b,b,t,n
p,f,y,f,f
p,x,e,f,y
p,x,n,f,f
e,k,b,t,n
e,x,w,f,n
p,f,b,t,f
p,f,y,f,f
p,x,e,f,f
p,f,e,f,s
p,x,e,f,f
p,x,n,f,f
p,f,n,f,f
p,f,e,f,s
p,k,n,f,y
p,f,e,f,y
p,x,e,f,s
p,f,n,f,f
p,f,e,f,f
p,x,e,f,s
p,x,n,f,s
p,f,e,f,f
p,f,e,f,y
p,f,e,f,f
p,f,n,f,y
p,f,n,f,f
p,x,e,f,s
p,k,n,f,y
p,x,n,f,f
p,f,e,f,y
p,f,e,f,s
p,k,e,f,y
p,f,e,f,y
p,x,n,f,s
p,f,e,f,y
p,f,n,f,y
p,f,e,f,s
p,f,e,f,y
p,f,n,f,s
p,f,e,f,s
p,x,e,f,s
p,f,e,f,f
p,x,n,f,s
p,f,n,f,s
p,x,e,f,f
p,f,n,f,y
e,b,n,f,n
p,f,n,f,y
e,x,n,f,n
p,f,e,f,y
p,f,n,f,s
p,f,e,f,y
p,f,n,f,y
p,x,e,f,y
p,x,n,f,f
p,f,n,f,s
p,f,e,f,y
p,f,n,f,f
p,f,n,f,s
p,f,n,f,f
p,f,e,f,s
p,f,e,f,y
p,x,e,f,f
p,x,e,f,y
p,f,e,f,f
p,f,n,f,y
p,x,e,f,f
p,k,e,f,s
p,k,n,f,f
p,f,n,f,f
p,x,e,f,s
p,x,e,f,f
p,f,e,f,s
p,f,n,f,s
p,f,e,f,f
p,x,n,f,s
e,x,w,f,n
p,f,n,f,y
p,x,n,f,f
p,x,e,f,f
p,f,n,f,s
p,f,n,f,s
p,x,e,f,s
p,x,e,f,f
p,f,n,f,y
p,k,n,f,f
p,f,n,f,s
p,x,n,f,s
p,f,e,f,y
p,x,e,f,y
p,f,n,f,s
p,f,n,f,s
p,k,n,f,y
p,f,n,f,s
p,f,n,f,y
p,x,e,f,s
p,f,n,f,y
p,f,n,f,s
p,f,e,f,f
p,f,n,f,y
p,f,n,f,f
p,f,n,f,f
p,f,e,f,y
p,f,e,f,f
p,x,e,f,f
p,f,n,f,y
p,x,e,f,y
p,f,e,f,f
p,x,n,f,f
p,f,n,f,s
p,f,e,f,f
p,x,e,f,s
p,f,n,f,y
p,f,n,f,y
p,x,e,f,s
p,f,n,f,y
p,f,n,f,s
p,x,n,f,f
p,f,e,f,y
p,x,e,f,s
p,x,e,f,f
p,f,e,f,f
p,f,e,f,f
p,x,e,f,s
p,x,e,f,s
p,x,n,f,f
p,x,e,f,f
p,k,e,f,s
e,x,c,t,n
p,x,e,f,y
p,f,n,f,y
p,x,n,f,y
p,f,n,f,s
p,f,e,f,y
p,f,e,f,s
p,x,e,f,f
p,x,e,f,f
p,x,n,f,y
p,x,e,f,f
p,f,e,f,f
p,f,n,f,y
p,f,e,f,y
p,x,e,f,s
p,k,e,f,f
p,f,n,f,s
p,f,n,f,y
p,x,e,f,y
p,f,n,f,f
p,f,e,f,s
p,f,e,f,y
e,b,w,f,n
p,x,e,f,s
p,x,e,f,f
p,f,e,f,s
p,f,e,f,y
e,k,w,f,n
p,x,n,f,s
p,f,n,f,s
p,x,n,f,s
p,f,e,f,f
p,x,n,f,f
p,x,n,f,f
p,x,e,f,s
p,k,n,f,y
p,x,e,f,f
p,x,e,f,f
p,x,e,f,f
p,x,e,f,s
p,x,e,f,f
p,x,e,f,s
p,x,e,f,s
p,f,e,f,s
p,x,n,f,y
p,f,n,f,y
p,x,e,f,f
p,f,e,f,y
p,x,n,f,y
p,f,e,f,y
p,x,n,f,y
p,k,n,f,f
p,f,e,f,f
p,f,e,f,f
p,f,e,f,f
p,k,n,f,f
p,f,n,f,f
p,f,e,f,f
p,x,e,f,s
p,f,e,f,y
p,f,e,f,f
p,f,n,f,s
p,f,n,f,f
p,x,e,f,s
p,x,e,f,s
p,f,e,f,y
p,k,e,f,f
p,f,e,f,s
p,k,n,f,s
p,x,e,f,s
p,x,e,f,s
p,x,n,f,f
p,f,n,f,f
p,x,e,f,f
e,b,g,f,n
p,x,e,f,s
p,x,e,f,s
p,f,e,f,s
p,x,e,f,y
p,f,e,f,y
p,f,e,f,f
p,x,n,f,f
p,f,n,f,f
e,k,w,f,n
p,f,e,f,s
p,x,e,f,f
p,f,n,f,y
p,f,n,f,s
p,x,e,f,y
p,f,e,f,y
p,f,e,f,f
p,f,n,f,y
p,x,e,f,f
p,f,e,f,s
e,b,g,f,n
p,k,e,f,s
p,x,e,f,f
p,k,e,f,f
p,x,n,f,s
e,k,w,f,n
p,f,e,f,s
p,x,n,f,y
p,k,e,f,f
p,k,n,f,s
p,k,e,f,f
p,x,e,f,y
p,f,e,f,s
p,f,e,f,f
p,x,e,f,s
p,f,n,f,y
p,x,e,f,y
p,f,n,f,y
p,x,e,f,y
p,k,n,f,y
p,f,e,f,f
p,x,n,f,f
p,f,n,f,f
p,f,e,f,s
p,x,e,f,y
p,f,n,f,y
p,f,n,f,s
p,x,e,f,f
p,x,e,f,f
p,f,e,f,y
p,f,e,f,y
p,f,e,f,f
p,x,n,f,s
p,f,n,f,s
p,x,n,f,f
p,f,n,f,y
p,k,n,f,s
p,x,e,f,s
p,f,n,f,f
p,x,e,f,s
p,f,e,f,s
p,x,e,f,y
p,f,e,f,y
p,f,e,f,s
p,f,e,f,s
p,k,e,f,y
p,x,e,f,f
e,k,g,f,n
p,x,n,f,y
p,f,e,f,s
p,f,n,f,y
p,f,e,f,s
p,f,n,f,s
p,x,e,f,y
p,x,e,f,s
p,x,e,f,y
p,x,e,f,f
p,f,e,f,s
p,x,e,f,s
p,x,n,f,f
p,f,n,f,s
p,k,n,f,y
p,x,e,f,s
p,x,n,f,f
p,x,e,f,f
e,b,w,f,n
p,f,e,f,s
p,x,e,f,y
p,x,e,f,f
p,f,n,f,f
p,f,e,f,y
p,f,n,f,s
p,f,e,f,f
p,f,n,f,f
p,x,e,f,f
p,f,n,f,s
p,x,n,f,y
p,f,e,f,s
p,x,n,f,s
p,f,e,f,s
p,x,e,f,y
p,f,n,f,f
p,x,e,f,f
p,f,n,f,f
p,f,n,f,y
p,x,n,f,y
p,f,e,f,s
p,k,n,f,y
p,x,e,f,f
p,x,e,f,s
p,k,n,f,s
p,x,e,f,f
p,x,e,f,f
p,f,n,f,f
p,f,e,f,y
p,f,e,f,f
p,f,n,f,f
p,f,e,f,f
p,f,e,f,f
p,k,e,f,s
p,x,n,f,f
p,f,n,f,y
p,f,e,f,f
p,k,n,f,y
p,f,n,f,f
p,x,e,f,y
p,x,e,f,f
p,x,e,f,y
p,f,n,f,f
p,f,n,f,s
p,f,e,f,s
p,k,n,f,y
p,x,n,f,s
p,x,e,f,y
p,x,n,f,f
p,f,e,f,f
p,k,e,f,f
e,x,g,f,n
p,f,e,f,f
p,x,e,f,f
p,x,e,f,s
p,x,e,f,s
p,f,n,f,f
p,f,n,f,y
p,x,n,f,s
p,x,e,f,f
p,f,e,f,f
p,f,n,f,f
p,f,n,f,f
p,f,n,f,y
p,x,e,f,f
p,x,e,f,f
p,f,n,f,f
p,f,n,f,s
p,x,e,f,f
p,f,n,f,f
p,f,n,f,f
p,f,n,f,f
p,x,n,f,s
p,f,n,f,y
p,f,n,f,y
p,x,n,f,y
p,f,n,f,f
p,x,n,f,y
p,x,n,f,y
p,f,n,f,f
p,f,n,f,f
p,x,e,f,y
p,f,e,f,f
p,f,n,f,s
p,f,e,f,y
p,x,n,f,f
e,k,w,f,n
p,x,n,f,f
p,f,n,f,f
p,f,n,f,y
p,f,n,f,f
p,f,n,f,y
p,f,n,f,f
p,f,n,f,f
p,f,e,f,y
e,b,n,f,n
p,f,e,f,f
p,f,e,f,s
p,x,e,f,y
p,f,n,f,s
p,f,e,f,s
p,f,n,f,f
p,f,e,f,s
p,f,n,f,s
p,k,n,f,y
p,f,e,f,f
p,f,e,f,s
p,x,e,f,f
p,f,n,f,y
p,x,e,f,s
p,k,n,f,y
p,x,n,f,s
p,x,e,f,f
p,f,n,f,y
p,f,e,f,y
p,f,n,f,f
e,x,w,f,n
p,f,n,f,y
p,f,n,f,f
p,x,e,f,y
p,f,e,f,s
p,x,n,f,s
p,x,e,f,f
e,k,g,f,n
p,f,e,f,s
p,f,e,f,s
e,b,w,f,n
p,f,n,f,y
p,x,e,f,s
p,x,e,f,f
p,f,n,f,s
p,x,n,f,f
p,f,e,f,s
p,f,e,f,s
p,f,e,f,s
p,x,e,f,m
p,f,n,f,y
p,f,e,f,y
p,x,e,f,s
p,f,e,f,y
p,f,e,f,f
p,f,e,f,s
p,x,e,f,f
p,f,e,f,s
e,x,n,f,n
p,f,n,f,s
p,f,e,f,s
p,f,e,f,s
p,x,n,f,f
p,x,e,f,y
p,x,e,f,f
p,x,e,f,s
p,x,e,f,y
p,f,e,f,f
e,x,n,f,n
p,f,n,f,s
p,x,e,f,f
p,f,n,f,f
p,f,e,f,y
p,x,e,f,f
p,x,n,f,s
p,x,n,f,f
p,x,n,f,y
p,x,e,f,s
p,f,n,f,y
p,f,n,f,y
p,k,e,f,y
p,x,n,f,y
p,f,n,f,y
e,k,w,f,n
p,f,e,f,y
p,x,e,f,y
p,f,n,f,f
p,f,n,f,s
p,f,e,f,y
p,x,n,f,f
p,f,n,f,s
p,x,n,f,s
p,k,n,f,y
p,f,e,f,s
p,f,e,f,s
p,f,e,f,f
p,f,e,f,s
p,f,n,f,f
p,f,n,f,f
p,k,n,f,y
p,k,n,f,y
p,f,e,f,y
p,x,e,f,y
p,k,n,f,f
p,x,e,f,f
p,f,n,f,f
p,x,e,f,s
p,f,n,f,y
p,x,n,f,f
p,f,e,f,y
p,x,n,f,f
p,x,e,f,y
p,x,e,f,s
p,x,n,f,s
p,x,e,f,s
p,f,e,f,y
p,f,e,f,s
p,x,e,f,y
p,f,e,f,y
p,f,e,f,y
p,f,e,f,s
p,f,n,f,f
p,f,n,f,s
p,x,e,f,f
p,f,n,f,s
p,f,n,f,s
p,f,n,f,f
p,f,e,f,s
p,f,e,f,f
p,f,n,f,y
p,f,e,f,y
p,f,e,f,f
p,f,n,f,s
p,f,e,f,f
p,f,n,f,f
p,k,e,f,s
p,f,e,f,f
p,f,e,f,f
p,f,e,f,y
p,f,n,f,s
p,f,e,f,f
p,f,n,f,s
p,x,e,f,y
e,x,w,f,n
p,x,e,f,s
p,x,e,f,f
p,f,n,f,y
p,x,e,f,y
p,x,n,f,y
p,x,n,f,f
p,x,n,f,y
e,x,g,f,n
p,f,e,f,f
p,f,e,f,f
p,x,e,f,y
p,x,n,f,y
p,k,e,f,y
p,k,e,f,f
p,f,e,f,s
p,x,n,f,f
p,f,n,f,s
p,x,e,f,s
p,f,n,f,y
p,x,n,f,s
e,k,w,f,n
p,k,n,f,f
p,f,e,f,f
p,x,e,f,f
p,x,n,f,s
p,x,n,f,y
p,f,e,f,y
p,f,n,f,s
p,x,e,f,y
p,f,e,f,y
p,x,e,f,s
p,x,n,f,s
p,f,n,f,f
p,f,e,f,s
p,f,n,f,s
p,f,n,f,f
p,f,n,f,y
p,f,e,f,f
p,f,e,f,s
p,x,e,f,s
p,k,e,f,f
p,f,e,f,s
p,f,n,f,y
p,f,n,f,s
p,f,e,f,y
p,k,e,f,f
p,f,e,f,s
p,f,n,f,s
e,x,n,f,n
p,x,n,f,y
p,k,n,f,y
p,f,n,f,f
p,f,n,f,y
p,x,n,f,y
p,f,n,f,y
p,f,e,f,f
p,f,e,f,y
p,f,n,f,f
p,x,e,f,f
p,x,n,f,s
p,x,e,f,y
p,x,e,f,s
p,f,e,f,f
p,x,e,f,y
p,k,e,f,y
p,x,e,f,f
p,f,n,f,f
p,f,n,f,y
p,x,n,f,f
p,k,e,f,y
p,x,e,f,y
p,f,n,f,s
p,f,e,f,s
p,f,n,f,s
p,f,n,f,s
p,f,e,f,y
p,k,n,f,y
p,f,e,f,y
p,f,e,f,s
p,f,n,f,f
p,x,n,f,y
p,f,n,f,s
p,f,e,f,s
p,x,e,f,s
p,f,e,f,s
p,x,n,f,s
p,f,n,f,y
p,f,n,f,s
p,f,e,f,y
e,x,g,f,n
p,k,n,f,y
p,x,e,f,s
p,x,n,f,s
p,x,n,f,s
p,f,e,f,s
p,k,n,f,f
p,x,e,f,f
p,x,n,f,s
p,k,n,f,y
p,x,e,f,f
p,k,n,f,f
p,x,n,f,f
p,x,e,f,f
p,f,e,f,y
p,f,n,f,s
p,f,n,f,f
p,f,e,f,y
p,x,e,f,s
p,x,e,f,f
p,f,n,f,s
p,f,e,f,s
p,x,n,f,f
p,x,e,f,s
p,x,e,f,y
p,f,e,f,f
p,x,e,f,s
p,x,n,f,y
p,x,e,f,s
p,x,e,f,y
p,x,n,f,y
p,x,n,f,s
p,f,e,f,y
p,f,e,f,f
p,x,n,f,s
p,x,e,f,f
p,f,n,f,s
p,x,n,f,f
p,f,e,f,y
p,k,n,f,y
p,x,n,f,y
p,f,n,f,y
p,k,n,f,y
p,f,e,f,s
p,f,n,f,f
p,x,e,f,y
p,x,n,f,f
p,f,n,f,y
p,f,n,f,s
p,x,e,f,y
p,f,n,f,y
p,x,e,f,s
p,f,n,f,y
p,f,e,f,s
p,x,e,f,f
p,f,e,f,y
p,k,n,f,s
p,x,e,f,f
p,x,n,f,f
p,f,e,f,s
p,f,e,f,y
e,b,g,f,n
p,x,n,f,y
p,k,n,f,s
e,b,n,f,n
p,f,n,f,y
p,f,n,f,s
p,x,e,f,s
p,x,e,f,s
p,k,c,f,m
p,x,e,f,s
p,f,n,f,s
p,x,n,f,y
p,x,e,f,s
p,x,e,f,f
p,f,e,f,f
p,f,n,f,f
p,f,n,f,s
p,f,e,f,y
p,x,e,f,y
p,f,e,f,s
p,f,n,f,y
p,x,e,f,f
p,f,e,f,s
p,f,e,f,f
p,f,e,f,f
p,x,e,f,y
p,x,e,f,f
p,k,e,f,s
p,x,e,f,f
p,x,e,f,y
p,x,n,f,y
p,x,n,f,s
p,f,n,f,y
p,f,n,f,s
p,x,e,f,s
p,k,n,f,f
p,f,n,f,y
p,f,n,f,f
p,f,e,f,y
p,f,e,f,s
p,f,n,f,f
p,x,e,f,y
p,f,n,f,s
p,f,n,f,s
p,f,e,f,f
p,x,n,f,y
p,f,e,f,f
p,k,n,f,y
p,f,n,f,y
p,f,n,f,f
p,f,e,f,y
p,x,n,f,f
p,f,e,f,f
p,x,e,f,f
p,f,e,f,s
p,x,e,f,y
p,f,e,f,s
p,f,n,f,f
p,x,n,f,y
p,x,e,f,s
p,f,e,f,s
p,x,e,f,f
p,x,n,f,s
p,f,e,f,f
p,x,e,f,s
p,x,n,f,y
p,x,e,f,s
p,f,e,f,y
p,x,e,f,s
p,f,n,f,f
p,x,e,f,f
p,x,n,f,s
p,f,e,f,y
p,x,e,f,s
p,f,n,f,y
p,x,e,f,s
p,f,e,f,y
p,x,e,f,s
p,k,n,f,y
p,f,n,f,y
p,x,e,f,f
p,f,n,f,y
p,x,e,f,s
p,f,e,f,y
e,x,g,f,n
p,x,e,f,y
p,f,n,f,f
p,f,n,f,s
p,x,e,f,f
p,x,e,f,y
p,x,e,f,s
p,f,e,f,y
e,b,g,f,n
p,f,n,f,s
p,f,e,f,f
p,f,n,f,s
p,f,n,f,f
p,f,n,f,f
p,x,e,f,s
p,f,n,f,s
p,x,n,f,y
p,f,e,f,f
e,k,g,f,n
e,b,n,f,n
p,f,n,f,s
p,x,n,f,s
p,f,n,f,s
p,f,e,f,s
p,f,n,f,y
p,f,n,f,f
p,f,e,f,y
p,f,e,f,f
p,f,n,f,s
p,x,e,f,y
e,x,w,f,n
p,f,n,f,f
p,x,e,f,y
p,x,n,f,y
p,x,n,f,y
p,x,n,f,f
p,k,n,f,y
p,f,n,f,y
p,x,e,f,y
p,f,n,f,y
p,f,n,f,f
p,x,n,f,s
p,x,n,f,f
p,x,e,f,s
p,f,e,f,f
p,f,e,f,s
p,f,n,f,f
p,x,e,f,s
p,f,e,f,s
p,f,e,f,s
p,f,e,f,y
p,x,e,f,s
p,f,n,f,f
p,f,n,f,f
p,f,n,f,y
p,k,e,f,f
p,f,e,f,y
p,x,e,f,s
p,x,e,f,y
p,f,e,f,f
p,x,e,f,s
p,f,e,f,f
p,f,n,f,y
p,f,e,f,y
p,x,e,f,s
p,x,e,f,y
p,f,e,f,f
p,f,e,f,f
p,x,e,f,f
p,f,e,f,y
p,f,e,f,s
p,f,n,f,y
p,f,e,f,f
p,f,n,f,s
p,k,e,f,f
p,f,n,f,y
p,f,n,f,y
p,f,e,f,s
p,f,e,f,y
p,x,n,f,y
p,k,n,f,y
p,x,e,f,s
p,x,e,f,f
e,x,g,f,n
p,k,n,f,y
p,x,n,f,y
p,f,n,f,s
p,f,n,f,s
p,x,e,f,s
p,f,e,f,f
p,f,e,f,f
p,f,e,f,f
p,f,n,f,f
p,f,e,f,f
p,x,n,f,f
p,f,e,f,f
p,x,e,f,s
p,f,e,f,y
p,f,e,f,f
p,k,e,f,s
p,f,n,f,s
p,k,e,f,s
p,f,e,f,y
p,f,e,f,s
p,f,e,f,f
e,b,n,f,n
p,x,n,f,f
p,f,e,f,s
p,f,n,f,s
p,f,e,f,f
p,f,n,f,f
p,k,n,f,m
p,x,e,f,f
p,f,e,f,s
p,k,n,f,y
p,f,e,f,f
e,k,w,f,n
p,f,n,f,y
p,f,n,f,y
p,f,n,f,y
p,f,n,f,s
p,f,n,f,y
p,f,e,f,y
p,x,e,f,f
p,f,n,f,f
p,x,n,f,f
p,x,e,f,f
p,x,e,f,y
p,f,e,f,y
p,x,n,f,y
p,x,e,f,s
p,f,n,f,f
p,x,n,f,y
p,f,e,f,y
p,x,n,f,f
p,f,e,f,f
p,f,e,f,f
p,f,n,f,f
p,f,n,f,y
p,x,e,f,f
e,k,g,f,n
p,x,e,f,y
p,k,n,f,y
p,k,n,f,s
p,x,e,f,s
p,f,e,f,f
p,f,n,f,s
p,f,e,f,s
p,x,e,f,f
p,f,n,f,s
p,f,e,f,s
p,x,n,f,s
p,x,e,f,f
p,f,e,f,y
p,x,n,f,y
p,f,n,f,f
e,x,n,f,n
p,k,n,f,y
p,f,n,f,y
p,k,e,f,f
e,x,c,t,n
e,b,n,f,n
e,k,g,f,n
e,x,g,f,n
p,x,n,f,s
p,k,e,f,f
e,x,n,f,n
p,k,e,f,s
p,b,y,f,n
p,x,e,f,f
e,b,g,f,n
p,k,e,f,f
p,k,e,f,s
p,f,e,f,s
p,f,n,f,y
p,f,e,f,s
e,k,g,f,n
p,k,n,f,s
p,k,e,f,y
p,f,e,f,f
e,b,g,f,n
p,f,n,f,s
p,f,n,f,y
e,f,n,f,n
e,x,p,t,n
p,f,n,f,y
p,k,e,f,y
p,f,n,f,s
e,b,w,f,n
p,x,e,f,f
p,f,e,f,y
p,f,e,f,y
p,k,n,f,f
e,x,w,f,n
e,b,w,f,n
p,k,e,f,y
p,f,n,f,y
e,f,n,t,n
p,k,n,f,s
p,k,n,f,y
p,f,n,f,s
p,f,e,f,m
p,x,e,f,f
p,k,e,f,s
p,x,n,f,s
p,k,e,f,f
p,k,n,f,f
p,f,e,f,f
e,x,w,f,n
p,k,n,f,s
p,f,n,f,f
p,k,e,f,y
p,k,e,f,s
p,k,n,f,s
e,k,w,f,n
p,k,n,f,f
p,k,n,f,s
p,k,n,f,s
p,k,e,f,s
p,x,n,f,y
p,x,e,f,s
p,f,e,f,y
p,k,n,f,f
e,b,n,f,n
p,f,n,f,f
p,k,e,f,f
e,x,n,f,n
p,f,n,f,f
p,k,n,f,y
p,f,n,f,s
p,x,n,f,s
e,k,w,f,n
p,f,e,f,f
p,x,e,f,y
p,x,n,f,f
p,f,n,f,f
p,k,n,f,y
p,k,e,f,f
p,k,e,f,s
p,x,e,f,f
e,b,n,f,n
p,k,e,f,y
p,x,n,f,f
p,x,e,f,f
p,f,e,f,s
e,b,n,f,n
e,k,g,f,n
p,k,e,f,m
p,k,e,f,y
p,f,e,f,y
e,k,n,f,n
p,f,e,f,s
p,k,e,f,s
e,k,w,f,n
e,x,g,f,n
e,k,n,f,n
p,k,e,f,s
p,k,n,f,s
p,k,e,f,s
e,x,w,f,n
e,k,w,f,n
e,k,w,f,n
p,k,e,f,f
p,x,e,f,s
e,k,g,f,n
e,x,w,f,n
p,k,e,f,f
e,b,w,f,n
p,k,e,f,s
p,f,n,f,f
p,f,n,f,f
e,k,g,f,n
e,x,w,f,n
p,f,e,f,y
p,x,e,f,f
e,x,w,f,n
e,k,w,f,n
p,f,e,f,s
e,f,g,t,n
p,k,e,f,y
p,x,n,f,y
e,k,n,f,n
e,x,n,f,n
p,k,e,f,s
p,x,e,f,y
p,x,n,f,s
p,k,e,f,y
p,x,n,f,y
e,k,w,f,n
e,k,n,f,n
p,k,c,f,m
e,x,g,f,n
e,x,n,f,n
e,x,n,f,n
p,k,e,f,s
e,k,w,f,n
e,x,g,f,n
e,f,n,f,n
p,k,n,f,y
p,k,n,f,s
p,f,n,f,s
p,f,e,f,y
e,k,g,f,n
p,f,e,f,s
p,f,n,f,s
p,k,e,f,s
e,k,g,f,n
e,b,n,f,n
p,k,n,f,f
p,x,n,f,s
e,b,n,f,n
p,k,n,f,y
p,k,n,f,y
p,k,e,f,s
p,f,e,f,s
p,x,e,f,s
p,x,e,f,y
p,x,n,f,s
p,k,n,f,y
e,x,p,t,n
p,f,e,f,y
p,x,n,f,m
p,k,n,f,f
e,k,g,f,n
p,k,n,f,f
p,f,n,f,y
p,k,n,f,s
p,k,e,f,y
p,f,e,f,f
e,f,c,t,n
p,f,n,f,f
p,k,e,f,f
p,x,e,f,y
p,f,e,f,y
p,x,n,f,f
e,f,n,f,n
p,f,e,f,s
p,x,e,f,s
p,x,e,f,f
p,x,e,f,s
p,k,e,f,f
p,x,e,f,y
e,b,g,f,n
p,k,e,f,s
p,k,e,f,s
e,k,g,f,n
e,f,n,f,n
p,f,n,f,m
p,k,e,f,s
p,f,n,f,f
p,k,n,f,f
p,k,e,f,y
p,k,n,f,y
p,k,n,f,y
e,x,g,f,n
p,k,e,f,f
p,x,c,f,m
p,k,e,f,s
p,k,e,f,s
e,b,w,f,n
p,k,n,f,y
p,x,e,f,y
p,f,n,f,f
p,f,e,f,y
p,k,e,f,f
p,k,e,f,f
e,b,w,f,n
p,k,n,f,m
p,f,e,f,y
p,k,n,f,f
p,k,n,f,f
p,x,e,f,s
e,x,g,t,n
p,f,n,f,y
p,k,e,f,y
e,k,w,f,n
p,x,n,f,s
p,k,n,f,y
p,x,e,f,s
e,k,w,f,n
p,f,n,f,s
p,k,e,f,s
p,k,e,f,y
p,f,e,f,f
e,f,n,f,n
p,f,n,f,y
p,k,e,f,y
p,k,e,f,y
p,k,e,f,f
e,b,n,f,n
e,k,g,f,n
e,x,n,f,n
e,x,g,f,n
p,k,e,f,y
p,f,e,f,f
p,k,n,f,s
p,k,n,f,y
e,b,w,f,n
p,f,n,f,s
e,b,g,f,n
p,x,n,f,f
p,x,e,f,f
p,f,c,f,m
p,f,n,f,s
p,x,e,f,s
p,f,n,f,s
p,f,e,f,f
p,f,e,f,f
p,x,e,f,s
e,k,g,f,n
p,x,e,f,y
p,k,n,f,y
p,k,e,f,s
p,x,n,f,y
e,b,g,f,n
p,x,n,f,s
p,f,e,f,s
p,k,n,f,s
e,b,g,f,n
p,x,n,f,y
p,f,e,f,y
p,f,e,f,y
p,f,n,f,m
e,b,g,f,n
p,f,e,f,f
p,k,n,f,f
e,k,g,f,n
p,k,n,f,f
p,x,e,f,s
e,b,n,f,n
p,k,n,f,f
p,f,n,f,s
e,x,n,f,n
p,k,n,f,f
p,k,n,f,f
p,k,n,f,s
p,k,n,f,s
e,f,c,t,n
e,f,n,f,n
e,b,w,f,n
p,k,e,f,s
e,b,g,f,n
p,k,e,f,y
p,k,n,f,s
e,x,n,f,n
p,x,e,f,y
p,x,n,f,f
p,f,e,f,y
p,f,e,f,s
p,x,e,f,s
p,k,e,f,f
e,k,n,f,n
p,f,e,f,f
p,k,n,f,s
p,f,n,f,y
p,f,e,f,f
e,k,g,f,n
p,k,n,f,f
e,b,w,f,n
p,k,e,f,y
e,x,g,f,n
e,k,n,f,n
p,k,e,f,f
p,k,n,f,f
e,k,g,f,n
p,x,n,f,y
p,k,n,f,s
e,x,w,f,n
p,k,e,f,f
p,k,e,f,f
p,k,e,f,f
p,k,e,f,s
p,k,n,f,s
e,k,g,f,n
p,k,n,f,f
p,k,e,f,f
e,x,g,f,n
e,f,n,f,n
e,k,g,f,n
p,x,e,f,s
p,k,n,f,f
p,k,n,f,s
e,x,g,f,n
p,k,e,f,s
e,f,n,f,n
e,k,w,f,n
p,f,e,f,m
e,b,g,f,n
p,f,n,f,y
e,b,n,f,n
e,b,g,f,n
e,k,n,f,n
e,b,g,f,n
p,k,n,f,f
p,k,n,f,y
e,f,n,f,n
p,k,e,f,y
p,f,e,f,y
p,k,n,f,y
p,k,n,f,s
e,b,n,f,n
e,k,g,f,n
e,b,n,f,n
p,k,n,f,s
p,k,e,f,s
p,k,e,f,y
p,k,n,f,y
e,f,n,f,n
p,k,e,f,y
e,x,n,f,n
p,k,n,f,y
e,k,w,f,n
p,k,e,f,f
p,k,n,f,f
e,k,g,f,n
p,f,n,f,y
e,x,g,f,n
p,k,n,f,f
p,f,e,f,f
e,x,w,f,n
p,k,n,f,s
p,f,n,f,m
e,b,g,f,n
p,k,e,f,y
p,x,e,f,s
p,k,e,f,y
e,k,g,f,n
e,k,w,f,n
p,k,e,f,s
e,k,g,f,n
p,k,n,f,f
p,k,n,f,y
e,k,w,f,n
p,k,e,f,y
e,b,w,f,n
p,k,n,f,y
e,x,w,f,n
e,b,n,f,n
p,k,n,f,s
p,k,e,f,f
e,x,w,f,n
p,x,e,f,m
p,k,e,f,y
p,k,n,f,f
p,k,n,f,y
p,k,e,f,f
e,k,n,f,n
p,k,n,f,f
e,f,n,f,n
e,k,g,f,n
p,f,e,f,y
p,k,y,f,n
p,k,e,f,y
p,k,e,f,s
p,k,e,f,s
e,b,n,f,n
e,x,g,t,n
e,k,g,f,n
p,f,e,f,s
p,k,e,f,s
p,k,e,f,s
e,b,w,f,n
e,f,n,f,n
p,k,n,f,y
p,k,e,f,f
e,x,w,f,n
p,k,e,f,y
e,x,w,f,n
p,k,e,f,y
p,k,n,f,s
e,x,g,f,n
e,x,w,f,n
p,k,n,f,f
p,k,n,f,f
p,k,e,f,s
e,b,w,f,n
p,f,n,f,f
p,k,e,f,y
p,k,n,f,f
p,x,n,f,m
p,k,n,f,f
e,f,n,f,n
p,x,e,f,f
e,f,n,f,n
e,b,w,f,n
e,b,g,f,n
p,k,e,f,s
p,k,n,f,y
p,k,e,f,f
p,k,e,f,y
e,b,w,f,n
e,k,g,f,n
p,f,e,f,m
p,k,n,f,f
p,k,n,f,f
p,f,e,f,y
p,x,n,f,s
p,k,n,f,s
p,k,c,f,m
p,k,n,f,s
e,k,w,f,n
p,f,n,f,y
e,b,g,f,n
p,f,e,f,f
p,k,e,f,y
e,k,g,f,n
e,x,g,f,n
p,k,e,f,y
e,k,n,f,n
e,f,p,t,n
e,b,w,f,n
p,f,n,f,s
p,f,e,f,f
p,k,e,f,f
e,k,g,f,n
e,x,w,f,n
e,x,c,t,n
e,k,g,f,n
p,k,e,f,y
p,k,e,f,y
p,k,n,f,y
p,x,e,f,f
e,k,n,f,n
p,f,y,f,n
p,x,c,f,m
p,x,n,f,y
e,x,p,t,n
p,k,n,f,s
e,k,g,f,n
e,b,g,f,n
p,k,e,f,f
e,x,n,f,n
e,b,n,f,n
e,f,n,t,n
e,k,g,f,n
p,f,n,f,y
p,k,n,f,f
p,f,n,f,s
p,k,e,f,y
p,k,n,f,f
p,k,e,f,y
e,b,w,f,n
p,k,n,f,m
p,k,e,f,y
e,k,n,f,n
p,k,e,f,f
e,b,w,f,n
e,x,g,f,n
p,k,n,f,s
p,k,n,f,y
p,k,n,f,f
p,k,e,f,f
p,k,e,f,s
p,k,n,f,y
e,b,g,f,n
p,k,e,f,y
e,b,w,f,n
p,c,y,f,n
p,x,n,f,s
p,k,e,f,y
e,x,g,f,n
e,b,n,f,n
p,k,e,f,y
e,b,n,f,n
p,k,e,f,y
p,k,e,f,f
p,k,e,f,y
e,b,g,f,n
e,k,n,f,n
e,b,n,f,n
p,x,n,f,f
e,x,g,t,n
e,x,g,f,n
p,k,n,f,s
e,k,g,f,n
p,k,n,f,f
p,k,e,f,y
p,k,n,f,s
e,f,p,t,n
p,k,n,f,f
p,k,e,f,f
e,f,n,f,n
p,k,e,f,f
p,k,n,f,y
p,k,n,f,y
p,f,n,f,s
p,k,e,f,f
p,k,e,f,s
e,x,n,f,n
p,f,e,f,s
e,k,g,f,n
p,k,e,f,s
p,k,e,f,y
e,f,n,f,n
p,k,n,f,s
e,x,g,f,n
e,k,n,f,n
p,f,e,f,s
p,k,n,f,s
e,f,n,t,n
e,x,g,f,n
e,k,w,f,n
e,b,n,f,n
p,k,e,f,s
p,k,e,f,y
e,k,n,f,n
e,x,g,f,n
p,k,n,f,f
p,k,e,f,f
p,k,n,f,f
p,f,n,f,f
e,f,n,f,n
p,f,e,f,f
p,k,n,f,s
p,k,n,f,f
e,b,n,f,n
e,x,g,f,n
p,k,n,f,s
p,k,n,f,f
e,x,g,f,n
p,k,n,f,s
p,k,e,f,s
p,k,e,f,y
e,b,n,f,n
e,b,g,f,n
p,x,e,f,m
p,k,n,f,f
p,k,e,f,f
p,k,e,f,y
p,k,n,f,f
p,k,e,f,s
p,k,e,f,s
p,x,e,f,y
p,k,e,f,s
p,k,n,f,y
e,b,g,f,n
p,k,n,f,m
e,f,n,t,n
p,k,n,f,y
p,f,y,f,n
p,k,n,f,s
p,f,e,f,m
e,x,g,f,n
p,k,n,f,y
p,k,n,f,s
p,f,n,f,y
e,f,n,f,n
p,k,n,f,s
p,f,n,f,f
p,k,n,f,s
p,f,e,f,s
p,k,n,f,s
p,x,e,f,s
p,k,n,f,y
e,x,w,f,n
e,x,g,f,n
e,x,w,f,n
p,k,n,f,s
p,k,e,f,f
p,k,e,f,y
p,k,e,f,f
p,k,n,f,y
p,k,n,f,f
p,k,e,f,y
p,k,n,f,y
p,k,e,f,s
e,f,n,f,n
p,f,n,f,s
p,k,n,f,s
e,x,g,f,n
e,x,w,f,n
p,k,n,f,s
e,x,n,f,n
p,k,n,f,s
p,k,n,f,s
p,k,n,f,s
p,k,e,f,s
p,k,n,f,f
e,b,n,f,n
e,f,n,f,n
e,b,w,f,n
p,k,n,f,y
e,x,n,f,n
p,k,n,f,s
e,b,g,f,n
e,b,g,f,n
p,x,n,f,s
e,x,n,f,n
e,x,w,f,n
e,x,n,f,n
e,k,g,f,n
e,x,w,f,n
p,f,c,f,m
e,x,n,f,n
p,k,e,f,y
p,k,e,f,s
e,x,w,f,n
e,k,w,f,n
e,b,g,f,n
e,k,n,f,n
p,k,n,f,f
p,f,e,f,s
p,k,e,f,s
e,k,n,f,n
e,f,p,t,n
p,k,n,f,f
e,b,w,f,n
p,k,e,f,y
e,k,w,f,n
p,k,n,f,s
p,k,n,f,s
e,f,n,f,n
p,k,n,f,y
p,k,e,f,f
e,x,n,f,n
e,x,w,f,n
e,x,g,f,n
e,x,n,f,n
p,k,n,f,y
p,k,e,f,y
e,x,w,f,n
p,k,e,f,y
e,x,g,f,n
p,k,n,f,s
p,f,n,f,f
p,k,e,f,s
e,k,n,f,n
p,k,e,f,y
p,k,n,f,y
e,b,g,f,n
p,k,n,f,s
p,k,n,f,f
e,k,g,f,n
p,k,n,f,f
p,k,e,f,y
p,k,n,f,s
p,k,e,f,y
e,k,w,f,n
p,k,e,f,y
p,k,e,f,s
e,b,w,f,n
e,x,g,f,n
e,b,g,f,n
p,k,e,f,s
p,k,n,f,y
p,k,e,f,y
e,b,w,f,n
p,f,e,f,f
p,k,n,f,s
e,k,w,f,n
p,k,e,f,y
p,k,e,f,f
p,k,n,f,s
e,x,n,t,n
p,k,n,f,f
p,k,e,f,f
p,b,y,f,n
p,k,e,f,f
e,x,n,t,n
p,k,e,f,f
e,k,g,f,n
p,k,e,f,s
p,k,e,f,f
p,k,n,f,y
p,k,n,f,y
e,x,g,f,n
e,b,w,f,n
p,k,e,f,s
e,b,n,f,n
p,k,e,f,y
p,k,e,f,y
e,b,g,f,n
p,k,e,f,y
e,b,n,f,n
p,f,n,f,y
p,k,e,f,y
p,k,n,f,y
p,k,n,f,y
e,b,g,f,n
e,k,w,f,n
p,k,n,f,y
p,f,n,f,f
e,x,w,f,n
e,x,n,f,n
p,k,n,f,s
p,k,n,f,s
e,k,n,f,n
e,b,w,f,n
e,x,w,f,n
p,f,e,f,y
p,k,e,f,f
p,x,e,f,m
e,f,n,f,n
p,k,n,f,f
p,x,n,f,s
p,k,e,f,s
e,b,w,f,n
e,b,g,f,n
e,k,g,f,n
e,k,g,f,n
e,x,w,f,n
p,k,e,f,s
p,f,e,f,s
p,k,e,f,s
p,f,n,f,f
e,b,w,f,n
e,k,w,f,n
e,b,w,f,n
e,f,n,f,n
p,k,e,f,s
p,k,n,f,f
p,k,n,f,y
p,f,n,f,y
p,x,e,f,f
e,f,n,f,n
e,k,w,f,n
p,k,n,f,y
p,x,n,f,y
e,b,g,f,n
p,k,n,f,s
e,b,n,f,n
e,f,n,f,n
p,k,e,f,s
p,k,e,f,s
p,k,n,f,s
p,k,e,f,s
p,k,n,f,f
e,x,g,f,n
p,k,n,f,f
e,f,c,t,n
e,b,n,f,n
p,k,e,f,y
p,k,n,f,f
p,k,n,f,f
e,b,g,f,n
p,k,n,f,s
e,b,w,f,n
p,k,e,f,f
e,x,w,f,n
p,k,e,f,f
p,k,e,f,s
e,x,w,f,n
p,k,e,f,f
p,k,n,f,s
e,k,n,f,n
e,k,n,f,n
p,k,e,f,y
p,k,e,f,s
e,k,n,f,n
p,k,n,f,y
p,k,e,f,f
p,k,e,f,s
p,k,e,f,f
p,k,e,f,f
e,k,w,f,n
e,b,n,f,n
p,k,e,f,s
e,f,n,f,n
e,f,n,f,n
p,k,e,f,y
e,f,g,t,n
e,x,p,t,n
p,c,y,f,n
p,k,e,f,f
p,k,e,f,f
p,k,e,f,m
e,b,n,f,n
p,k,n,f,s
e,x,w,f,n
p,x,e,f,f
p,x,c,f,m
p,f,n,f,s
e,k,n,f,n
e,b,n,f,n
p,f,n,f,s
p,k,n,f,y
e,b,g,f,n
e,x,n,t,n
p,f,n,f,s
e,k,n,f,n
e,b,w,f,n
e,x,w,f,n
p,k,n,f,y
p,x,n,f,m
p,k,e,f,s
e,x,n,f,n
p,k,e,f,f
p,x,e,f,s
p,k,n,f,y
p,k,e,f,s
p,k,n,f,f
p,k,e,f,f
e,b,g,f,n
e,k,n,f,n
p,k,n,f,s
p,k,y,f,n
e,k,w,f,n
e,x,n,f,n
p,k,n,f,s
e,k,g,f,n
e,k,w,f,n
e,f,n,f,n
e,x,w,f,n
e,b,g,f,n
e,x,w,f,n
e,k,w,f,n
p,k,n,f,f
p,k,e,f,s
e,k,g,f,n
e,x,w,f,n
p,k,n,f,f
p,k,n,f,s
p,k,n,f,f
p,k,e,f,f
p,k,e,f,s
e,b,n,f,n
p,k,e,f,s
e,x,g,f,n
e,x,n,f,n
e,b,w,f,n
p,k,e,f,s
e,x,n,f,n
p,k,n,f,f
p,k,e,f,f
p,k,e,f,s
e,b,w,f,n
p,k,n,f,f
p,k,e,f,s
e,b,g,f,n
p,k,n,f,y
p,x,n,f,y
p,k,e,f,f
e,x,w,f,n
e,x,w,f,n
p,k,n,f,s
e,k,n,f,n
p,k,e,f,y
p,k,e,f,s
e,b,n,f,n
e,b,g,f,n
p,k,e,f,f
p,k,n,f,s
p,f,n,f,f
p,f,n,f,f
e,f,n,f,n
p,k,n,f,y
e,k,w,f,n
e,b,n,f,n
p,k,n,f,s
p,k,n,f,y
p,k,e,f,s
e,k,w,f,n
p,k,e,f,y
e,x,w,f,n
p,k,e,f,s
p,k,e,f,s
p,k,n,f,s
p,f,c,f,m
p,x,n,f,s
e,k,g,f,n
p,k,e,f,y
p,x,n,f,m
p,f,e,f,y
e,k,n,f,n
p,k,n,f,s
e,b,g,f,n
e,b,w,f,n
e,x,n,f,n
p,k,n,f,s
e,f,n,f,n
e,x,w,f,n
p,k,e,f,s
p,k,e,f,y
e,x,g,f,n
e,b,g,f,n
p,k,n,f,f
p,k,e,f,m
p,k,e,f,f
p,k,n,f,f
e,x,w,f,n
p,k,e,f,f
e,b,n,f,n
p,k,n,f,s
p,k,n,f,s
e,b,n,f,n
e,f,n,f,n
e,k,g,f,n
e,f,n,f,n
p,k,e,f,y
e,b,n,f,n
e,k,n,f,n
p,k,e,f,y
e,f,n,f,n
p,k,e,f,f
e,b,g,f,n
p,k,n,f,y
e,f,n,f,n
p,k,n,f,s
e,x,g,f,n
e,x,g,f,n
e,k,n,f,n
e,x,n,f,n
p,k,e,f,y
e,x,g,f,n
p,k,n,f,f
p,k,e,f,s
p,k,n,f,f
p,k,e,f,f
p,k,n,f,s
p,k,e,f,s
e,x,w,f,n
p,k,n,f,s
p,k,e,f,y
p,k,e,f,s
e,x,g,f,n
e,x,n,f,n
e,b,w,f,n
p,k,n,f,f
p,k,n,f,f
p,k,n,f,s
p,x,e,f,f
p,k,e,f,f
e,x,n,f,n
e,x,g,f,n
p,k,e,f,f
p,k,e,f,f
e,k,w,f,n
e,b,n,f,n
e,k,w,f,n
p,k,e,f,s
p,k,n,f,f
p,k,e,f,y
p,k,n,f,y
p,x,n,f,s
e,k,n,f,n
p,k,n,f,f
p,k,n,f,s
p,k,e,f,f
e,x,w,f,n
p,f,e,f,y
p,k,n,f,y
p,k,e,f,f
e,f,n,f,n
e,x,n,f,n
p,k,n,f,s
p,k,e,f,s
e,b,w,f,n
p,k,n,f,s
p,k,n,f,y
e,x,n,f,n
e,x,g,f,n
e,x,g,f,n
p,f,n,f,y
p,f,n,f,s
e,f,g,t,n
p,k,e,f,y
e,x,w,f,n
p,k,n,f,s
p,k,n,f,y
p,x,e,f,f
e,x,g,f,n
e,f,n,f,n
p,x,e,f,f
e,b,w,f,n
p,k,e,f,f
e,x,g,f,n
p,f,n,f,m
e,x,n,f,n
e,b,g,f,n
e,b,n,f,n
p,k,e,f,f
e,f,n,f,n
e,x,g,f,n
p,k,n,f,f
e,x,w,f,n
e,f,p,t,n
p,k,e,f,f
e,k,g,f,n
e,k,n,f,n
p,k,n,f,f
p,k,n,f,y
p,k,e,f,s
p,k,n,f,s
e,k,n,f,n
p,k,n,f,s
e,k,w,f,n
p,k,e,f,f
e,f,n,f,n
p,k,e,f,s
e,x,g,f,n
p,k,e,f,f
p,k,e,f,y
p,k,n,f,f
e,b,n,f,n
e,k,w,f,n
e,b,n,f,n
e,f,g,t,n
p,k,e,f,m
p,x,e,f,y
p,k,n,f,f
e,k,n,f,n
e,k,n,f,n
e,x,c,t,n
p,k,e,f,s
p,k,n,f,y
p,k,e,f,s
p,k,n,f,y
p,k,e,f,f
e,f,c,t,n
e,x,n,f,n
e,b,w,f,n
e,k,g,f,n
e,f,n,f,n
e,k,n,f,n
e,k,w,f,n
p,k,e,f,f
e,b,w,f,n
p,k,n,f,y
p,k,e,f,y
p,k,n,f,f
e,x,n,f,n
e,x,n,t,n
e,b,w,f,n
p,f,n,f,f
p,k,n,f,f
p,k,e,f,y
e,x,n,f,n
e,x,n,f,n
e,b,w,f,n
p,x,e,f,f
e,b,w,f,n
e,b,w,f,n
e,b,w,f,n
e,k,n,f,n
p,k,e,f,s
e,k,n,f,n
p,k,e,f,f
p,k,c,f,m
p,k,n,f,y
e,x,g,f,n
e,f,n,f,n
e,k,n,f,n
e,b,n,f,n
p,x,n,f,f
e,b,n,f,n
p,f,n,f,y
p,k,n,f,f
e,k,g,f,n
p,k,n,f,f
e,k,g,f,n
e,x,n,f,n
p,k,e,f,y
e,f,n,f,n
p,k,n,f,y
p,k,n,f,s
e,k,n,f,n
e,b,n,f,n
e,x,n,f,n
e,x,w,f,n
e,f,n,f,n
p,f,n,f,f
p,x,e,f,s
p,k,e,f,y
p,k,e,f,f
p,k,e,f,f
e,b,n,f,n
e,x,n,f,n
e,f,n,f,n
p,k,n,f,s
e,b,n,f,n
e,k,g,f,n
e,k,w,f,n
p,k,e,f,s
e,b,w,f,n
e,x,w,f,n
e,b,w,f,n
p,k,n,f,y
p,f,n,f,y
p,f,e,f,y
p,k,e,f,y
p,k,n,f,f
e,x,n,f,n
e,f,n,f,n
p,k,n,f,f
p,k,n,f,f
e,x,g,f,n
e,k,w,f,n
p,k,e,f,f
p,x,n,f,f
p,k,n,f,f
e,k,n,f,n
e,b,w,f,n
e,k,n,f,n
p,k,e,f,y
e,x,g,t,n
p,k,e,f,f
e,b,n,f,n
p,k,e,f,y
e,x,n,f,n
e,f,n,f,n
e,f,n,f,n
p,k,e,f,y
e,b,g,f,n
p,k,e,f,y
p,k,n,f,y
p,k,n,f,f
p,k,n,f,s
e,x,w,f,n
e,f,n,f,n
p,k,n,f,f
e,x,n,f,n
e,b,g,f,n
e,b,n,f,n
e,x,n,f,n
p,k,e,f,s
p,k,n,f,f
p,k,n,f,s
p,k,n,f,s
p,k,n,f,y
e,k,w,f,n
p,k,e,f,f
e,k,n,f,n
p,k,e,f,f
e,b,n,f,n
e,f,n,f,n
e,k,n,f,n
p,k,e,f,s
e,k,n,f,n
p,k,e,f,f
e,k,n,f,n
e,b,g,f,n
e,f,n,f,n
e,b,n,f,n
e,f,n,f,n
e,b,g,f,n
p,k,e,f,f
p,k,n,f,s
p,k,n,f,f
p,k,e,f,s
p,k,n,f,y
e,b,g,f,n
e,k,w,f,n
e,k,n,f,n
p,x,e,f,f
e,k,n,f,n
p,k,e,f,f
p,k,n,f,f
p,k,e,f,f
p,k,e,f,y
p,x,n,f,y
e,b,g,f,n
p,x,c,f,m
e,k,w,f,n
p,k,n,f,s
p,k,e,f,y
e,k,w,f,n
e,f,n,f,n
p,k,e,f,s
e,x,n,f,n
e,k,n,f,n
e,k,n,f,n
e,k,n,f,n
e,k,n,f,n
e,x,n,f,n
p,k,e,f,y
e,b,w,f,n
e,x,n,f,n
e,k,w,f,n
e,k,n,f,n
p,k,e,f,y
p,f,c,f,m
e,x,n,f,n
p,k,n,f,s
p,k,e,f,y
p,k,n,f,f
e,k,n,f,n
e,x,n,f,n
e,f,n,f,n
p,k,n,f,y
e,x,n,f,n
